event_id,ticker,file_name,event_trading_day,alpha,beta,n_obs_estimation,car_01,car_03,ar_0,pre_vol,post_vol,delta_vol,file_path,year,quarter
0,AAPL,2016-Jan-26-AAPL.txt,2016-01-27,-0.0003866487868019,1.102995024818184,101,-0.0432407546362825,-0.0450630222900941,-0.0412926335487315,0.0240051133938881,0.018418851511534,-0.0055862618823541,/Users/javierdominguezsegura/Academics/College/Courses/NLP/NASDAQ-NLP/dataset/Transcripts/AAPL/2016-Jan-26-AAPL.txt,2016,Q1
1,AAPL,2016-Apr-26-AAPL.txt,2016-04-27,-0.0002823151228773,1.0797753743564311,101,-0.0741818299482468,-0.0890019209346771,-0.0567426191379803,0.010550640182755,0.0124547443258636,0.0019041041431085,/Users/javierdominguezsegura/Academics/College/Courses/NLP/NASDAQ-NLP/dataset/Transcripts/AAPL/2016-Apr-26-AAPL.txt,2016,Q2
2,AAPL,2016-Jul-26-AAPL.txt,2016-07-27,-0.0004664521042664,0.8542373558170205,101,0.0719018139588139,0.0844083775052161,0.0604548961236357,0.0097057843238864,0.010493712748328,0.0007879284244416,/Users/javierdominguezsegura/Academics/College/Courses/NLP/NASDAQ-NLP/dataset/Transcripts/AAPL/2016-Jul-26-AAPL.txt,2016,Q3
3,AAPL,2016-Oct-25-AAPL.txt,2016-10-26,0.0010665524140414,0.8645954066650995,101,-0.0231607305613243,-0.0290672248250614,-0.0181398043961075,0.0049977357833923,0.0092935441276082,0.0042958083442158,/Users/javierdominguezsegura/Academics/College/Courses/NLP/NASDAQ-NLP/dataset/Transcripts/AAPL/2016-Oct-25-AAPL.txt,2016,Q4
4,AAPL,2017-Jan-31-AAPL.txt,2017-02-01,0.0003991691419064,0.8853511992353954,101,0.0550924494437225,0.0636483560210775,0.0561885607768185,0.0053832473561106,0.0049572057255689,-0.0004260416305417,/Users/javierdominguezsegura/Academics/College/Courses/NLP/NASDAQ-NLP/dataset/Transcripts/AAPL/2017-Jan-31-AAPL.txt,2017,Q1
5,AAPL,2017-May-02-AAPL.txt,2017-05-03,0.0015290463692524,0.938905144740897,101,-0.0066290436791827,0.029864513427087,-0.0010642608045875,0.0081679896680692,0.0164136516257245,0.0082456619576552,/Users/javierdominguezsegura/Academics/College/Courses/NLP/NASDAQ-NLP/dataset/Transcripts/AAPL/2017-May-02-AAPL.txt,2017,Q2
6,AAPL,2017-Aug-01-AAPL.txt,2017-08-02,2.347467575606791e-05,1.212063746398283,101,0.0415184842637201,0.0539246738954724,0.0472828416238817,0.0091825795874868,0.0147399628504227,0.0055573832629358,/Users/javierdominguezsegura/Academics/College/Courses/NLP/NASDAQ-NLP/dataset/Transcripts/AAPL/2017-Aug-01-AAPL.txt,2017,Q3
7,AAPL,2017-Nov-02-AAPL.txt,2017-11-03,-0.0008114024660595,1.2625562230474745,101,0.0244683297743308,0.0369756809440512,0.0176179339936092,0.0138253416701603,0.0092974168737285,-0.0045279247964318,/Users/javierdominguezsegura/Academics/College/Courses/NLP/NASDAQ-NLP/dataset/Transcripts/AAPL/2017-Nov-02-AAPL.txt,2017,Q4
8,AAPL,2018-Feb-01-AAPL.txt,2018-02-02,-0.0005452600658615,1.3111280567631107,101,0.0079485507527042,0.0132815787374007,-0.0171204416039796,0.0088783534316716,0.0264772446997902,0.0175988912681185,/Users/javierdominguezsegura/Academics/College/Courses/NLP/NASDAQ-NLP/dataset/Transcripts/AAPL/2018-Feb-01-AAPL.txt,2018,Q1
9,AAPL,2018_Q1_aapl_processed.txt,2018-04-30,-0.0002000862268007,1.0210051631573125,101,0.0401157119308688,0.0926035778337853,0.025988936198369,0.0168739461257857,0.0168053669547572,-6.85791710284614e-05,/Users/javierdominguezsegura/Downloads/archive (1)/cleaned_ECTs_dataset/Apple/2018_Q1_aapl_processed.txt,2018,Q1
10,AAPL,2018-May-01-AAPL.txt,2018-05-02,-0.0004095186470304,1.0145173585528438,101,0.0528679680514366,0.074947038458299,0.0488243477311476,0.0196198259489987,0.0132999289112997,-0.0063198970376989,/Users/javierdominguezsegura/Academics/College/Courses/NLP/NASDAQ-NLP/dataset/Transcripts/AAPL/2018-May-01-AAPL.txt,2018,Q2
11,AAPL,2018_Q2_aapl_processed.txt,2018-07-31,0.0009052867261802,0.9619665061565288,101,0.0493804716410717,0.066637353983901,-0.0041732167710795,0.0078981634908922,0.0197654763881034,0.0118673128972112,/Users/javierdominguezsegura/Downloads/archive (1)/cleaned_ECTs_dataset/Apple/2018_Q2_aapl_processed.txt,2018,Q2
12,AAPL,2018-Jul-31-AAPL.txt,2018-08-01,0.0009430243644123,0.959145255876998,101,0.0699443671812172,0.0691454298610317,0.0535290056652043,0.0078637187201388,0.00998563165198,0.0021219129318411,/Users/javierdominguezsegura/Academics/College/Courses/NLP/NASDAQ-NLP/dataset/Transcripts/AAPL/2018-Jul-31-AAPL.txt,2018,Q3
13,AAPL,2018_Q3_aapl_processed.txt,2018-10-31,0.0012947876951434,1.0037056809532272,101,0.0010056411619124,-0.082058501500952,0.004554859743065,0.0184323772145487,0.0299242912067854,0.0114919139922367,/Users/javierdominguezsegura/Downloads/archive (1)/cleaned_ECTs_dataset/Apple/2018_Q3_aapl_processed.txt,2018,Q3
14,AAPL,2018-Nov-01-AAPL.txt,2018-11-02,0.0013162255052686,1.0195772192942805,101,-0.0828817681962044,-0.0778513208690179,-0.0570771322548521,0.0196349512182837,0.0258162226498321,0.0061812714315484,/Users/javierdominguezsegura/Academics/College/Courses/NLP/NASDAQ-NLP/dataset/Transcripts/AAPL/2018-Nov-01-AAPL.txt,2018,Q4
15,AAPL,2019-Jan-29-AAPL.txt,2019-01-30,-0.0006798519895013,1.1619222511265572,101,0.0353465612359707,0.0550596535776523,0.043424488776508,0.0163748879866497,0.0129850801281586,-0.0033898078584911,/Users/javierdominguezsegura/Academics/College/Courses/NLP/NASDAQ-NLP/dataset/Transcripts/AAPL/2019-Jan-29-AAPL.txt,2019,Q1
16,AAPL,2018_Q4_aapl_processed.txt,2019-01-31,-0.0005916194798088,1.163334141491882,101,-0.0042581901475971,0.0204041291247235,-0.0081855524727748,0.0260954934658352,0.0129194133042297,-0.0131760801616055,/Users/javierdominguezsegura/Downloads/archive (1)/cleaned_ECTs_dataset/Apple/2018_Q4_aapl_processed.txt,2018,Q4
17,AAPL,2019_Q1_aapl_processed.txt,2019-04-30,-0.0019715912918126,1.3725751700187694,101,0.0527061930113605,0.0430380704230962,-0.0061081363477509,0.0084395633145109,0.028313443362724,0.019873880048213,/Users/javierdominguezsegura/Downloads/archive (1)/cleaned_ECTs_dataset/Apple/2019_Q1_aapl_processed.txt,2019,Q1
18,AAPL,2019-Apr-30-AAPL.txt,2019-05-01,-0.0013280150877556,1.3484002404832127,101,0.0550102369886211,0.0400321203828822,0.0580341318177782,0.0109827295263677,0.0221357302560775,0.0111530007297098,/Users/javierdominguezsegura/Academics/College/Courses/NLP/NASDAQ-NLP/dataset/Transcripts/AAPL/2019-Apr-30-AAPL.txt,2019,Q2
19,AAPL,2019_Q2_aapl_processed.txt,2019-07-31,0.0005008980005209,1.2104808457043643,101,0.0216495855137168,0.0051648317156974,0.0342692087121515,0.0110681966989936,0.0282559484658255,0.0171877517668318,/Users/javierdominguezsegura/Downloads/archive (1)/cleaned_ECTs_dataset/Apple/2019_Q2_aapl_processed.txt,2019,Q2
20,AAPL,2019_Q3_aapl_processed.txt,2019-10-31,0.0012926166817645,1.28181868498281,101,0.0356625131074137,0.0308296859755154,0.023110829387909,0.0114032506871402,0.0097736521887775,-0.0016295984983627,/Users/javierdominguezsegura/Downloads/archive (1)/cleaned_ECTs_dataset/Apple/2019_Q3_aapl_processed.txt,2019,Q3
21,AAPL,2020-Jan-28-AAPL.txt,2020-01-29,0.0024052849265067,1.2100392632493864,101,0.0108561379423415,-0.0379750301865296,0.0178113179800323,0.0157556050690576,0.0212368402713248,0.0054812352022672,/Users/javierdominguezsegura/Academics/College/Courses/NLP/NASDAQ-NLP/dataset/Transcripts/AAPL/2020-Jan-28-AAPL.txt,2020,Q1
22,AAPL,2019_Q4_aapl_processed.txt,2020-01-31,0.0024690629636277,1.235557149154647,101,-0.0488941019912135,-0.0439007475616126,-0.0271444705006378,0.0160183597901652,0.0144821536336867,-0.0015362061564785,/Users/javierdominguezsegura/Downloads/archive (1)/cleaned_ECTs_dataset/Apple/2019_Q4_aapl_processed.txt,2019,Q4
23,AAPL,2020_Q1_aapl_processed.txt,2020-04-30,0.0010443275737295,1.1295150770802591,101,0.0422576568921606,0.0426830914470965,0.0232394382411706,0.0226924765250161,0.0137995750826194,-0.0088929014423966,/Users/javierdominguezsegura/Downloads/archive (1)/cleaned_ECTs_dataset/Apple/2020_Q1_aapl_processed.txt,2020,Q1
24,AAPL,2020-Apr-30-AAPL.txt,2020-05-01,0.0009802803826607,1.1287243334111712,101,0.0183527204218306,0.0231658544576812,0.0190569501236835,0.0234821847269007,0.0123169496607597,-0.0111652350661409,/Users/javierdominguezsegura/Academics/College/Courses/NLP/NASDAQ-NLP/dataset/Transcripts/AAPL/2020-Apr-30-AAPL.txt,2020,Q2
25,AAPL,2020_Q2_aapl_processed.txt,2020-07-31,0.0006645300204287,1.0854965256961795,101,0.0964998840766109,0.0959755387975156,0.0878804863522603,0.0212646583478688,0.0217577593681518,0.000493101020283,/Users/javierdominguezsegura/Downloads/archive (1)/cleaned_ECTs_dataset/Apple/2020_Q2_aapl_processed.txt,2020,Q2
26,AAPL,2020_Q3_aapl_processed.txt,2020-11-02,0.0011774053980785,1.311191898778841,101,-0.0176442819943541,-0.0281656615544596,-0.0075342259432942,0.0280796415245955,0.0196598703345739,-0.0084197711900216,/Users/javierdominguezsegura/Downloads/archive (1)/cleaned_ECTs_dataset/Apple/2020_Q3_aapl_processed.txt,2020,Q3
27,AAPL,2020_Q4_aapl_processed.txt,2021-02-01,-0.000302495895499,1.431785241144174,101,-0.0353501180466197,-0.0341192871747674,-0.0196217317233753,0.026418989154221,0.0110680511944611,-0.0153509379597598,/Users/javierdominguezsegura/Downloads/archive (1)/cleaned_ECTs_dataset/Apple/2020_Q4_aapl_processed.txt,2020,Q4
28,AAPL,2021_Q1_aapl_processed.txt,2021-04-30,-0.0009423395361974,1.1586980665786255,101,0.0104363321700775,0.0050484086358263,-0.0043278510781737,0.0089051746426069,0.019714316983737,0.0108091423411301,/Users/javierdominguezsegura/Downloads/archive (1)/cleaned_ECTs_dataset/Apple/2021_Q1_aapl_processed.txt,2021,Q1
29,AAPL,2021_Q2_aapl_processed.txt,2021-08-02,-0.0002305449098133,1.1270694769575416,101,0.0039713569297442,-0.007808027983776,-0.0027447977261573,0.0151412601655761,0.0085970911635993,-0.0065441690019768,/Users/javierdominguezsegura/Downloads/archive (1)/cleaned_ECTs_dataset/Apple/2021_Q2_aapl_processed.txt,2021,Q2
30,AAPL,2021_Q3_aapl_processed.txt,2021-11-01,0.0003546535090003,1.110316450587661,101,-0.0100092069599578,-0.0249504801037898,-0.0129490408305859,0.011903582363723,0.0092720959289981,-0.0026314864347248,/Users/javierdominguezsegura/Downloads/archive (1)/cleaned_ECTs_dataset/Apple/2021_Q3_aapl_processed.txt,2021,Q3
31,AAPL,2021_Q4_aapl_processed.txt,2022-01-31,0.0014939247749434,0.98711367976037,101,-0.0188327618199192,0.0004654925737434,-0.009009900945948,0.0260770613769385,0.0134359729781602,-0.0126410883987783,/Users/javierdominguezsegura/Downloads/archive (1)/cleaned_ECTs_dataset/Apple/2021_Q4_aapl_processed.txt,2021,Q4
32,AAPL,2022_Q1_aapl_processed.txt,2022-05-02,0.0024316235622074,0.87312190173578,101,-0.0094611102881153,-0.0133228924588615,-0.0147200993504091,0.0249937618158333,0.0337375716888258,0.0087438098729925,/Users/javierdominguezsegura/Downloads/archive (1)/cleaned_ECTs_dataset/Apple/2022_Q1_aapl_processed.txt,2022,Q1
33,AAPL,2022_Q2_aapl_processed.txt,2022-08-01,0.0001531140903357,0.958473952600533,101,-0.0125009001536393,-0.0052428024307675,-0.004627364225528,0.0193042310150589,0.0157820461168743,-0.0035221848981845,/Users/javierdominguezsegura/Downloads/archive (1)/cleaned_ECTs_dataset/Apple/2022_Q2_aapl_processed.txt,2022,Q2
34,AAPL,2022_Q3_aapl_processed.txt,2022-10-31,0.0001383256861667,1.0057510020624545,101,-0.0139692979818762,-0.042773616882682,-0.0051945542941903,0.0294192402283553,0.0379298679099462,0.0085106276815908,/Users/javierdominguezsegura/Downloads/archive (1)/cleaned_ECTs_dataset/Apple/2022_Q3_aapl_processed.txt,2022,Q3
35,AAPL,2022_Q4_aapl_processed.txt,2023-01-31,-0.000180527452756,1.114495806240367,101,-0.0236720950974442,0.0195952721497925,-0.0094559343921277,0.0133183674774599,0.0184431655057411,0.0051247980282811,/Users/javierdominguezsegura/Downloads/archive (1)/cleaned_ECTs_dataset/Apple/2022_Q4_aapl_processed.txt,2022,Q4
36,AAPL,2023_Q1_aapl_processed.txt,2023-05-01,2.768157024228073e-05,1.0583443267751007,101,0.00587981925963,-0.0005355982680555,0.0006521630794954,0.0111354914402055,0.0169907613264461,0.0058552698862405,/Users/javierdominguezsegura/Downloads/archive (1)/cleaned_ECTs_dataset/Apple/2023_Q1_aapl_processed.txt,2023,Q1
37,AAPL,2023_Q2_aapl_processed.txt,2023-07-31,0.0009945981821586,0.9544022143898152,101,-0.0009241839285103,-0.0040432302107718,0.0002144065299459,0.008838143254704,0.0161519018549202,0.0073137586002161,/Users/javierdominguezsegura/Downloads/archive (1)/cleaned_ECTs_dataset/Apple/2023_Q2_aapl_processed.txt,2023,Q2
38,AAPL,2023_Q3_aapl_processed.txt,2023-10-31,-0.0004899867514612,0.8482235556848614,101,0.0045655134222688,-0.0058011936691817,-0.0007873107767163,0.0112309558102818,0.0114259303189738,0.000194974508692,/Users/javierdominguezsegura/Downloads/archive (1)/cleaned_ECTs_dataset/Apple/2023_Q3_aapl_processed.txt,2023,Q3
39,AAPL,2023_Q4_aapl_processed.txt,2024-01-31,-0.0001818508863979,0.9053466839099602,101,0.0027378743937527,-0.0063997258089664,0.0010147658689292,0.0146798480877438,0.0085643543470051,-0.0061154937407387,/Users/javierdominguezsegura/Downloads/archive (1)/cleaned_ECTs_dataset/Apple/2023_Q4_aapl_processed.txt,2023,Q4
40,AAPL,2024_Q1_aapl_processed.txt,2024-04-30,-0.0017852492185439,0.7585312065022212,101,-0.0027754525966566,0.0560959559277847,-0.001049297902686,0.0128872474329273,0.0203087010804803,0.0074214536475529,/Users/javierdominguezsegura/Downloads/archive (1)/cleaned_ECTs_dataset/Apple/2024_Q1_aapl_processed.txt,2024,Q1
41,AAPL,2024_Q2_aapl_processed.txt,2024-07-31,0.0004406063615864,0.8222528760829283,101,-0.0053809841602515,0.0006645594179399,-0.0071231351165012,0.0127528702504549,0.0203163470644151,0.0075634768139602,/Users/javierdominguezsegura/Downloads/archive (1)/cleaned_ECTs_dataset/Apple/2024_Q2_aapl_processed.txt,2024,Q2
42,AAPL,2024_Q3_aapl_processed.txt,2024-10-31,0.0013625885878504,0.7857829446187482,101,-0.0188471392773731,-0.0277442429400462,0.002081771271405,0.0104637882940269,0.0107482661061069,0.0002844778120799,/Users/javierdominguezsegura/Downloads/archive (1)/cleaned_ECTs_dataset/Apple/2024_Q3_aapl_processed.txt,2024,Q3
43,ACN,2018_Q1_acn_processed.txt,2018-04-30,0.0003437335674025,1.158871694934102,101,0.0027997592342632,0.0118779221697364,0.0013361090727078,0.0112557193010609,0.0094610375578186,-0.0017946817432423,/Users/javierdominguezsegura/Downloads/archive (1)/cleaned_ECTs_dataset/Accenture/2018_Q1_acn_processed.txt,2018,Q1
44,ACN,2018_Q2_acn_processed.txt,2018-07-31,0.0005335167700321,1.3028340666786438,101,-0.0042551456816491,-0.0136626263533997,-0.007461819700944,0.0093930768608449,0.0028844881451131,-0.0065085887157318,/Users/javierdominguezsegura/Downloads/archive (1)/cleaned_ECTs_dataset/Accenture/2018_Q2_acn_processed.txt,2018,Q2
45,ACN,2018_Q3_acn_processed.txt,2018-10-31,0.0002312383880679,1.2053219082596165,101,-0.0007742440167577,-0.0001892175488301,0.0060918231901714,0.0172261909397298,0.0120937912347735,-0.0051323997049563,/Users/javierdominguezsegura/Downloads/archive (1)/cleaned_ECTs_dataset/Accenture/2018_Q3_acn_processed.txt,2018,Q3
46,ACN,2018_Q4_acn_processed.txt,2019-01-31,0.0001263187625479,1.0513582999668616,101,-0.0059910324476531,-0.0017030231499037,-0.0126700820027054,0.0076826271270839,0.0071907548080063,-0.0004918723190775,/Users/javierdominguezsegura/Downloads/archive (1)/cleaned_ECTs_dataset/Accenture/2018_Q4_acn_processed.txt,2018,Q4
47,ACN,2019_Q1_acn_processed.txt,2019-04-30,0.0006401837301055,1.0102315901248011,101,0.0059491752228116,-0.0269461828526829,0.0064559569141435,0.0052201341430059,0.0099062941251136,0.0046861599821076,/Users/javierdominguezsegura/Downloads/archive (1)/cleaned_ECTs_dataset/Accenture/2019_Q1_acn_processed.txt,2019,Q1
48,ACN,2019_Q2_acn_processed.txt,2019-07-31,0.0011977323325883,0.849225920610459,101,0.0070043141140508,-0.0084924657381432,-0.0076445570820889,0.0051766120633876,0.021191403317814,0.0160147912544263,/Users/javierdominguezsegura/Downloads/archive (1)/cleaned_ECTs_dataset/Accenture/2019_Q2_acn_processed.txt,2019,Q2
49,ACN,2019_Q3_acn_processed.txt,2019-10-31,0.0005589516810016,0.9936996942205136,101,0.0011678965135367,-0.009582755406732,-0.0037724253639724,0.0107688027615375,0.0074006942748631,-0.0033681084866744,/Users/javierdominguezsegura/Downloads/archive (1)/cleaned_ECTs_dataset/Accenture/2019_Q3_acn_processed.txt,2019,Q3
50,ACN,2019_Q4_acn_processed.txt,2020-01-31,-0.0001581795730988,0.9905594884431974,101,0.0081248857938191,0.0037613539017489,0.0025315349774161,0.0090666431679382,0.0095243021084573,0.000457658940519,/Users/javierdominguezsegura/Downloads/archive (1)/cleaned_ECTs_dataset/Accenture/2019_Q4_acn_processed.txt,2019,Q4
51,ACN,2020_Q1_acn_processed.txt,2020-04-30,0.0003930965140617,0.9970619183407836,101,-0.0037994850350677,-0.0093050724992733,-0.0038438089468662,0.0296357199876756,0.0186858750680668,-0.0109498449196088,/Users/javierdominguezsegura/Downloads/archive (1)/cleaned_ECTs_dataset/Accenture/2020_Q1_acn_processed.txt,2020,Q1
52,ACN,2020_Q2_acn_processed.txt,2020-07-31,0.0010241021096807,1.0590066160605984,101,-0.0035272450368937,-0.0095178754702038,-0.0055755514189763,0.0074845074120718,0.0069140264284212,-0.0005704809836506,/Users/javierdominguezsegura/Downloads/archive (1)/cleaned_ECTs_dataset/Accenture/2020_Q2_acn_processed.txt,2020,Q2
53,ACN,2020_Q3_acn_processed.txt,2020-11-02,0.000165330343543,1.0495083558187035,101,0.0082515736555601,0.0007819109066476,0.0020278363074963,0.0213898875032872,0.0138635567892579,-0.0075263307140293,/Users/javierdominguezsegura/Downloads/archive (1)/cleaned_ECTs_dataset/Accenture/2020_Q3_acn_processed.txt,2020,Q3
54,ACN,2020_Q4_acn_processed.txt,2021-02-01,0.0001639754665073,1.0163494935422868,101,-0.0026465817199918,0.0021238391860049,0.0068767784450517,0.0171388809708667,0.0079207066825047,-0.0092181742883619,/Users/javierdominguezsegura/Downloads/archive (1)/cleaned_ECTs_dataset/Accenture/2020_Q4_acn_processed.txt,2020,Q4
55,ACN,2021_Q1_acn_processed.txt,2021-04-30,0.0002136131670032,1.213374666852177,101,0.0037705198543764,0.0015086757286403,-0.0002687326826362,0.005170584539491,0.0136340742932241,0.008463489753733,/Users/javierdominguezsegura/Downloads/archive (1)/cleaned_ECTs_dataset/Accenture/2021_Q1_acn_processed.txt,2021,Q1
56,ACN,2021_Q2_acn_processed.txt,2021-08-02,0.0006798019168894,1.012940711324695,101,-0.0051194413985507,-0.0021886338939481,-0.0038494631163257,0.0077231376299413,0.0069546063473844,-0.0007685312825569,/Users/javierdominguezsegura/Downloads/archive (1)/cleaned_ECTs_dataset/Accenture/2021_Q2_acn_processed.txt,2021,Q2
57,ACN,2021_Q3_acn_processed.txt,2021-11-01,0.0007021106168585,1.085206753514481,101,0.0003698068531913,0.0020550240253649,-0.0123270849671746,0.0096528688313654,0.0087837686937451,-0.0008691001376202,/Users/javierdominguezsegura/Downloads/archive (1)/cleaned_ECTs_dataset/Accenture/2021_Q3_acn_processed.txt,2021,Q3
58,ACN,2021_Q4_acn_processed.txt,2022-01-31,0.0018966801812384,1.0754726836079374,101,-0.0006418536995342,-0.009942037806169,0.0090883600210908,0.0164375027273515,0.0240177361924122,0.0075802334650606,/Users/javierdominguezsegura/Downloads/archive (1)/cleaned_ECTs_dataset/Accenture/2021_Q4_acn_processed.txt,2021,Q4
59,ACN,2022_Q1_acn_processed.txt,2022-05-02,-0.0002829596376431,1.135579146499539,101,0.0034672000466216,-0.0077819895299513,0.007954752703998,0.028351660774692,0.023971491625329,-0.004380169149363,/Users/javierdominguezsegura/Downloads/archive (1)/cleaned_ECTs_dataset/Accenture/2022_Q1_acn_processed.txt,2022,Q1
60,ACN,2022_Q2_acn_processed.txt,2022-08-01,-9.370277009504324e-05,1.191187574374101,101,-0.0008927019891361,0.0083209655438667,-0.0015065127328311,0.0198264978783654,0.0111591085507025,-0.0086673893276629,/Users/javierdominguezsegura/Downloads/archive (1)/cleaned_ECTs_dataset/Accenture/2022_Q2_acn_processed.txt,2022,Q2
61,ACN,2022_Q3_acn_processed.txt,2022-10-31,0.0001831968538792,1.1300817134476322,101,-0.0093494631424052,-0.058692626187291,-0.0052414678588891,0.01683708314703,0.0360503582014623,0.0192132750544323,/Users/javierdominguezsegura/Downloads/archive (1)/cleaned_ECTs_dataset/Accenture/2022_Q3_acn_processed.txt,2022,Q3
62,ACN,2022_Q4_acn_processed.txt,2023-01-31,-0.0004657312795693,1.2184258014801088,101,0.0039032446262568,0.0199719164917223,-0.0001324932774177,0.0159148113719105,0.0176429507319766,0.001728139360066,/Users/javierdominguezsegura/Downloads/archive (1)/cleaned_ECTs_dataset/Accenture/2022_Q4_acn_processed.txt,2022,Q4
63,ACN,2023_Q1_acn_processed.txt,2023-05-01,-0.0001211556535391,1.338232983818144,101,0.0035685580432896,-0.0143432215967398,-0.0024661278233978,0.0123846933878791,0.0151597754874896,0.0027750820996104,/Users/javierdominguezsegura/Downloads/archive (1)/cleaned_ECTs_dataset/Accenture/2023_Q1_acn_processed.txt,2023,Q1
64,ACN,2023_Q2_acn_processed.txt,2023-07-31,-9.96473758604669e-05,1.1824822882734256,101,0.0187533872236949,0.0263465102027478,0.0008983354023485,0.0114889629771644,0.0102993206090959,-0.0011896423680685,/Users/javierdominguezsegura/Downloads/archive (1)/cleaned_ECTs_dataset/Accenture/2023_Q2_acn_processed.txt,2023,Q2
65,ACN,2023_Q3_acn_processed.txt,2023-10-31,0.0013332463007429,0.972343524502704,101,0.0077697867459611,0.0199407820002124,0.0073689420450171,0.0097257626300857,0.0125675890671211,0.0028418264370354,/Users/javierdominguezsegura/Downloads/archive (1)/cleaned_ECTs_dataset/Accenture/2023_Q3_acn_processed.txt,2023,Q3
66,ACN,2023_Q4_acn_processed.txt,2024-01-31,0.0005562767603642,0.9110385447419378,101,0.0015138743393601,-0.0079280371613363,-0.0058670866117994,0.0071289544298712,0.0131980137638157,0.0060690593339444,/Users/javierdominguezsegura/Downloads/archive (1)/cleaned_ECTs_dataset/Accenture/2023_Q4_acn_processed.txt,2023,Q4
67,ACN,2024_Q1_acn_processed.txt,2024-04-30,-0.001227917338758,1.1642279571884664,101,0.0098702902991744,0.0039255001404154,0.0121200274874244,0.007557276277999,0.0093644906481289,0.0018072143701299,/Users/javierdominguezsegura/Downloads/archive (1)/cleaned_ECTs_dataset/Accenture/2024_Q1_acn_processed.txt,2024,Q1
68,ACN,2024_Q2_acn_processed.txt,2024-07-31,-0.0024725694181072,0.788039974439101,101,-7.882145562264093e-05,-0.0011777825010938,-0.0056598119058733,0.0059644108538674,0.0135649069273988,0.0076004960735313,/Users/javierdominguezsegura/Downloads/archive (1)/cleaned_ECTs_dataset/Accenture/2024_Q2_acn_processed.txt,2024,Q2
69,ACN,2024_Q3_acn_processed.txt,2024-10-31,0.001441183876807,0.3712816152308271,101,-7.492399861369365e-05,-0.0069643401179403,0.0004206631072353,0.0156373873818369,0.0164239698735273,0.0007865824916904,/Users/javierdominguezsegura/Downloads/archive (1)/cleaned_ECTs_dataset/Accenture/2024_Q3_acn_processed.txt,2024,Q3
70,ACN,2024_Q4_acn_processed.txt,2025-01-31,0.0003609542791823,0.6339872791626096,101,0.0190076059727855,0.0447972150528416,0.0138695163822495,0.0108026482065255,0.0125511574254752,0.0017485092189496,/Users/javierdominguezsegura/Downloads/archive (1)/cleaned_ECTs_dataset/Accenture/2024_Q4_acn_processed.txt,2024,Q4
71,ADBE,2018_Q1_adbe_processed.txt,2018-04-30,0.0013785388516028,1.302656262358173,101,0.0049986694633267,0.0191138158959888,0.0070634982742031,0.0163429571346438,0.0127955993619694,-0.0035473577726743,/Users/javierdominguezsegura/Downloads/archive (1)/cleaned_ECTs_dataset/Adobe/2018_Q1_adbe_processed.txt,2018,Q1
72,ADBE,2018_Q2_adbe_processed.txt,2018-07-31,0.0015260601140099,1.2599605001261345,101,0.0075654675447229,0.0085905849432002,0.001312175967027,0.0206523538262184,0.0066859994660589,-0.0139663543601595,/Users/javierdominguezsegura/Downloads/archive (1)/cleaned_ECTs_dataset/Adobe/2018_Q2_adbe_processed.txt,2018,Q2
73,ADBE,2018_Q3_adbe_processed.txt,2018-10-31,0.0001513370641303,1.320318932597932,101,-0.0211814952389213,-0.0246969972892805,0.0040839950724547,0.0323373137212004,0.0241494029008447,-0.0081879108203556,/Users/javierdominguezsegura/Downloads/archive (1)/cleaned_ECTs_dataset/Adobe/2018_Q3_adbe_processed.txt,2018,Q3
74,ADBE,2018_Q4_adbe_processed.txt,2019-01-31,0.0016104043045776,1.5652586551018597,101,-0.0014316736068519,-0.0042350383101011,-0.0018870782367821,0.012656645075098,0.0105549994120602,-0.0021016456630377,/Users/javierdominguezsegura/Downloads/archive (1)/cleaned_ECTs_dataset/Adobe/2018_Q4_adbe_processed.txt,2018,Q4
75,ADBE,2019_Q1_adbe_processed.txt,2019-04-30,0.0004542069702677,1.3776015272027862,101,0.0085655835319558,-0.0038008711701708,0.0216320210567735,0.0106672141763474,0.0185875798401965,0.0079203656638491,/Users/javierdominguezsegura/Downloads/archive (1)/cleaned_ECTs_dataset/Adobe/2019_Q1_adbe_processed.txt,2019,Q1
76,ADBE,2019_Q2_adbe_processed.txt,2019-07-31,0.0006418894166696,1.1798847009886837,101,0.0048510880122954,-0.0011782141372918,-0.0023815508948085,0.0091050061024214,0.0244060956532466,0.0153010895508251,/Users/javierdominguezsegura/Downloads/archive (1)/cleaned_ECTs_dataset/Adobe/2019_Q2_adbe_processed.txt,2019,Q2
77,ADBE,2019_Q3_adbe_processed.txt,2019-10-31,-8.218923281855063e-05,1.1801483611013106,101,-0.0136875824270027,0.0210186736263073,9.506174600990404e-06,0.0166788735153692,0.0141540617048982,-0.0025248118104709,/Users/javierdominguezsegura/Downloads/archive (1)/cleaned_ECTs_dataset/Adobe/2019_Q3_adbe_processed.txt,2019,Q3
78,ADBE,2019_Q4_adbe_processed.txt,2020-01-31,-3.180237650863059e-05,1.0135298541938065,101,0.0064689819814938,0.0020779033196578,0.0004641413279148,0.0106055801702471,0.0098751613818487,-0.0007304187883983,/Users/javierdominguezsegura/Downloads/archive (1)/cleaned_ECTs_dataset/Adobe/2019_Q4_adbe_processed.txt,2019,Q4
79,ADBE,2020_Q1_adbe_processed.txt,2020-04-30,0.0021455729006816,1.1698268862416112,101,0.0215525173771866,0.025102484268716,0.0139578419702551,0.0303677672903195,0.0172208613381712,-0.0131469059521482,/Users/javierdominguezsegura/Downloads/archive (1)/cleaned_ECTs_dataset/Adobe/2020_Q1_adbe_processed.txt,2020,Q1
80,ADBE,2020_Q2_adbe_processed.txt,2020-07-31,0.0013078803176302,1.155023305772053,101,-0.0161162143297236,-0.0253871369511841,-0.0060899817846644,0.0232963235800208,0.0192662238810446,-0.0040300996989762,/Users/javierdominguezsegura/Downloads/archive (1)/cleaned_ECTs_dataset/Adobe/2020_Q2_adbe_processed.txt,2020,Q2
81,ADBE,2020_Q3_adbe_processed.txt,2020-11-02,0.0001955489382458,1.2200227592839643,101,-0.0125581753880185,0.0005399304965599,-0.0101722351543668,0.0196414158224346,0.0361254738698497,0.016484058047415,/Users/javierdominguezsegura/Downloads/archive (1)/cleaned_ECTs_dataset/Adobe/2020_Q3_adbe_processed.txt,2020,Q3
82,ADBE,2020_Q4_adbe_processed.txt,2021-02-01,-0.0008808802395231,1.3263429394112407,101,0.0035252936482966,-0.001515588462504,-0.0084011148627923,0.0169149940132208,0.0109502441660455,-0.0059647498471752,/Users/javierdominguezsegura/Downloads/archive (1)/cleaned_ECTs_dataset/Adobe/2020_Q4_adbe_processed.txt,2020,Q4
83,ADBE,2021_Q1_adbe_processed.txt,2021-04-30,-0.0017097361965323,1.138987178010308,101,-0.0059911329027725,-0.0103757773384164,-0.0036120681583988,0.0089134713700834,0.0173820610907677,0.0084685897206843,/Users/javierdominguezsegura/Downloads/archive (1)/cleaned_ECTs_dataset/Adobe/2021_Q1_adbe_processed.txt,2021,Q1
84,ADBE,2021_Q2_adbe_processed.txt,2021-08-02,0.0013757883526063,1.0946881416071226,101,-0.0099031825540324,-0.0052574493022576,-0.006634778581769,0.0081491539875862,0.0073521653153945,-0.0007969886721916,/Users/javierdominguezsegura/Downloads/archive (1)/cleaned_ECTs_dataset/Adobe/2021_Q2_adbe_processed.txt,2021,Q2
85,ADBE,2021_Q3_adbe_processed.txt,2021-11-01,0.0007954383111386,1.0490714181670515,101,-0.0271130687191388,0.0038230530061363,-0.0230192468272295,0.0108206464972669,0.0184843315842613,0.0076636850869944,/Users/javierdominguezsegura/Downloads/archive (1)/cleaned_ECTs_dataset/Adobe/2021_Q3_adbe_processed.txt,2021,Q3
86,ADBE,2021_Q4_adbe_processed.txt,2022-01-31,-0.0016479900637912,1.5203548473606112,101,-0.0255558263602141,-0.0201811245997522,-0.0190179355178294,0.0265324343162783,0.0248030347943928,-0.0017293995218854,/Users/javierdominguezsegura/Downloads/archive (1)/cleaned_ECTs_dataset/Adobe/2021_Q4_adbe_processed.txt,2021,Q4
87,ADBE,2022_Q1_adbe_processed.txt,2022-05-02,-0.0018629628793207,1.376840146382393,101,0.0075523339291468,0.0207916221721962,0.0080241317645128,0.0250096447994905,0.0362747642539516,0.0112651194544611,/Users/javierdominguezsegura/Downloads/archive (1)/cleaned_ECTs_dataset/Adobe/2022_Q1_adbe_processed.txt,2022,Q1
88,ADBE,2022_Q2_adbe_processed.txt,2022-08-01,-0.0005044155854962,1.1225312541684105,101,0.004427106397832,0.0215719169428762,0.0048363880560336,0.0267828989194265,0.0168133239813689,-0.0099695749380575,/Users/javierdominguezsegura/Downloads/archive (1)/cleaned_ECTs_dataset/Adobe/2022_Q2_adbe_processed.txt,2022,Q2
89,ADBE,2022_Q3_adbe_processed.txt,2022-10-31,-0.0017156003702205,1.1302498867747297,101,-0.004757124822688,-0.0414003369468781,-0.0086946272152154,0.0143032133544064,0.0456484106143995,0.0313451972599931,/Users/javierdominguezsegura/Downloads/archive (1)/cleaned_ECTs_dataset/Adobe/2022_Q3_adbe_processed.txt,2022,Q3
90,ADBE,2022_Q4_adbe_processed.txt,2023-01-31,-0.0001025629908466,1.1641712792234198,101,0.0131350146837262,-0.0172868971785221,-0.0003451856839142,0.0188537853733334,0.0212787666066993,0.0024249812333659,/Users/javierdominguezsegura/Downloads/archive (1)/cleaned_ECTs_dataset/Adobe/2022_Q4_adbe_processed.txt,2022,Q4
91,ADBE,2023_Q1_adbe_processed.txt,2023-05-01,0.0010341003836508,1.23803458268796,101,-0.0109670754944136,-0.092098278333869,-0.0086501580242673,0.0135193753516624,0.0285125372593477,0.0149931619076852,/Users/javierdominguezsegura/Downloads/archive (1)/cleaned_ECTs_dataset/Adobe/2023_Q1_adbe_processed.txt,2023,Q1
92,ADBE,2023_Q2_adbe_processed.txt,2023-07-31,0.0006367757131933,1.4933742407380457,101,0.0402051965723632,0.0262870303563051,0.0290119703807296,0.0160991653043615,0.0171782897984955,0.001079124494134,/Users/javierdominguezsegura/Downloads/archive (1)/cleaned_ECTs_dataset/Adobe/2023_Q2_adbe_processed.txt,2023,Q2
93,ADBE,2023_Q3_adbe_processed.txt,2023-10-31,0.002951927429469,1.5352707704560953,101,-0.005335330789896,-0.0248961428736055,-0.0006492067386928,0.0202896774375613,0.0178118624444523,-0.0024778149931089,/Users/javierdominguezsegura/Downloads/archive (1)/cleaned_ECTs_dataset/Adobe/2023_Q3_adbe_processed.txt,2023,Q3
94,ADBE,2023_Q4_adbe_processed.txt,2024-01-31,0.0003914164161556,1.276583401816172,101,0.0112352426336358,-0.005009389744678,0.0118668155316261,0.0176637871751563,0.0188500445528145,0.0011862573776582,/Users/javierdominguezsegura/Downloads/archive (1)/cleaned_ECTs_dataset/Adobe/2023_Q4_adbe_processed.txt,2023,Q4
95,ADBE,2024_Q1_adbe_processed.txt,2024-04-30,-0.0033611011902061,1.2891492646344307,101,0.0297938385944975,0.026859646124045,0.0079497295381773,0.0103728537601158,0.0125526046312096,0.0021797508710938,/Users/javierdominguezsegura/Downloads/archive (1)/cleaned_ECTs_dataset/Adobe/2024_Q1_adbe_processed.txt,2024,Q1
96,ADBE,2024_Q2_adbe_processed.txt,2024-07-31,-0.0017514979093457,0.9732237292454418,101,0.0147815390989082,0.0062977710995017,0.0001191172990316,0.0132780541568238,0.0209713843552912,0.0076933301984673,/Users/javierdominguezsegura/Downloads/archive (1)/cleaned_ECTs_dataset/Adobe/2024_Q2_adbe_processed.txt,2024,Q2
97,ADBE,2024_Q3_adbe_processed.txt,2024-10-31,-9.0827028095089e-06,0.6918259559103862,101,0.0057499746349499,0.0057079455916289,0.0014029905233961,0.0079730820896049,0.018871105020922,0.010898022931317,/Users/javierdominguezsegura/Downloads/archive (1)/cleaned_ECTs_dataset/Adobe/2024_Q3_adbe_processed.txt,2024,Q3
134,AMD,2016-Jan-19-AMD.txt,2016-01-20,0.0041268669910932,1.0588847999466662,101,0.0770907446357116,0.0734089281928313,-0.0798058397512901,0.0578084905013672,0.0662752601532412,0.008466769651874,/Users/javierdominguezsegura/Academics/College/Courses/NLP/NASDAQ-NLP/dataset/Transcripts/AMD/2016-Jan-19-AMD.txt,2016,Q1
135,AMD,2016-Apr-21-AMD.txt,2016-04-22,0.0043833585522118,1.64072583118121,101,0.3954437421311877,0.4776271687805367,0.5316741446516491,0.0290114434131775,0.0556152639187352,0.0266038205055576,/Users/javierdominguezsegura/Academics/College/Courses/NLP/NASDAQ-NLP/dataset/Transcripts/AMD/2016-Apr-21-AMD.txt,2016,Q2
136,AMD,2016-Jul-21-AMD.txt,2016-07-22,0.0096064557395074,1.1868954182369258,101,0.241267314882147,0.2354167355026716,0.1030247209233067,0.0301339234946822,0.0552562303157763,0.0251223068210941,/Users/javierdominguezsegura/Academics/College/Courses/NLP/NASDAQ-NLP/dataset/Transcripts/AMD/2016-Jul-21-AMD.txt,2016,Q3
137,AMD,2016-Oct-20-AMD.txt,2016-10-21,0.0047363990479431,1.5745994844293092,101,-0.0179177416072439,0.0322209016649315,-0.072631835483678,0.0277559460747924,0.0410200593131862,0.0132641132383938,/Users/javierdominguezsegura/Academics/College/Courses/NLP/NASDAQ-NLP/dataset/Transcripts/AMD/2016-Oct-20-AMD.txt,2016,Q4
138,AMD,2017-Jan-31-AMD.txt,2017-02-01,0.0051314654452611,2.4212936279207984,101,0.1617027537481354,0.24998785079499,0.1458245475459712,0.0212522123971374,0.0391119757527642,0.0178597633556268,/Users/javierdominguezsegura/Academics/College/Courses/NLP/NASDAQ-NLP/dataset/Transcripts/AMD/2017-Jan-31-AMD.txt,2017,Q1
139,AMD,2017-May-01-AMD.txt,2017-05-02,0.0044404625028348,2.744427493637194,101,-0.2358123776090403,-0.2764378706845704,-0.2484297212832568,0.0169639343652535,0.0405080343891861,0.0235441000239325,/Users/javierdominguezsegura/Academics/College/Courses/NLP/NASDAQ-NLP/dataset/Transcripts/AMD/2017-May-01-AMD.txt,2017,Q2
140,AMD,2017-Jul-25-AMD.txt,2017-07-26,-0.0001678899763129,2.552890539954555,101,0.0149513760636416,-0.0074847574136003,0.0420222825724948,0.0255737013661314,0.0187215654911241,-0.0068521358750072,/Users/javierdominguezsegura/Academics/College/Courses/NLP/NASDAQ-NLP/dataset/Transcripts/AMD/2017-Jul-25-AMD.txt,2017,Q3
141,AMD,2017-Oct-24-AMD.txt,2017-10-25,0.0013124777547442,2.4961462629173243,101,-0.1475407797388834,-0.2987073213316028,-0.1229830371530103,0.0123390180158701,0.0399209166793418,0.0275818986634717,/Users/javierdominguezsegura/Academics/College/Courses/NLP/NASDAQ-NLP/dataset/Transcripts/AMD/2017-Oct-24-AMD.txt,2017,Q4
142,AMD,2017_Q4_amd_processed.txt,2018-01-31,-0.0034661266902281,2.219987727411407,101,0.0438440358544623,0.0470994529397625,0.0683661054740369,0.0253734418035872,0.0369374339799703,0.0115639921763831,/Users/javierdominguezsegura/Downloads/archive (1)/cleaned_ECTs_dataset/AMD/2017_Q4_amd_processed.txt,2017,Q4
143,AMD,2018-Apr-25-AMD.txt,2018-04-26,-0.0012239467708197,1.2594875339086,101,0.1248928076097009,0.1276019993579618,0.1175264014598959,0.0245258091991217,0.0187378574038762,-0.0057879517952455,/Users/javierdominguezsegura/Academics/College/Courses/NLP/NASDAQ-NLP/dataset/Transcripts/AMD/2018-Apr-25-AMD.txt,2018,Q2
144,AMD,2018_Q1_amd_processed.txt,2018-04-30,-0.0012669180778638,1.2970486145406503,101,0.0027350535418069,-0.005003485026703,-0.0096833298336605,0.0491972819575739,0.0181543556193017,-0.0310429263382722,/Users/javierdominguezsegura/Downloads/archive (1)/cleaned_ECTs_dataset/AMD/2018_Q1_amd_processed.txt,2018,Q1
145,AMD,2018-Jul-25-AMD.txt,2018-07-26,0.0014102584369987,1.443606442907437,101,0.2083030762396274,0.1868331146079479,0.1564623125308919,0.0165700722729535,0.0306664397080336,0.01409636743508,/Users/javierdominguezsegura/Academics/College/Courses/NLP/NASDAQ-NLP/dataset/Transcripts/AMD/2018-Jul-25-AMD.txt,2018,Q3
146,AMD,2018_Q2_amd_processed.txt,2018-07-31,0.0020576795820378,1.3872913571992067,101,-0.0660775481179329,-0.0882126971797591,-0.0657836815751997,0.0481343851168533,0.0222773106612568,-0.0258570744555965,/Users/javierdominguezsegura/Downloads/archive (1)/cleaned_ECTs_dataset/AMD/2018_Q2_amd_processed.txt,2018,Q2
147,AMD,2018-Oct-24-AMD.txt,2018-10-25,0.0100130109034302,0.968225098805962,101,-0.2681871503317022,-0.3111827043742405,-0.1930623550971028,0.0599447401721157,0.0575868554816082,-0.0023578846905074,/Users/javierdominguezsegura/Academics/College/Courses/NLP/NASDAQ-NLP/dataset/Transcripts/AMD/2018-Oct-24-AMD.txt,2018,Q4
148,AMD,2018_Q3_amd_processed.txt,2018-10-31,0.0082164289919083,1.0188969736507618,101,0.1142707741353863,0.0964803472503121,0.0299817714257772,0.0648846495734273,0.0573009620839352,-0.0075836874894921,/Users/javierdominguezsegura/Downloads/archive (1)/cleaned_ECTs_dataset/AMD/2018_Q3_amd_processed.txt,2018,Q3
149,AMD,2019-Jan-29-AMD.txt,2019-01-30,0.003400314037202,1.7181937850191389,101,0.1884067168569319,0.1546242260510713,0.1582389629915785,0.0454866020742611,0.0250718333502671,-0.020414768723994,/Users/javierdominguezsegura/Academics/College/Courses/NLP/NASDAQ-NLP/dataset/Transcripts/AMD/2019-Jan-29-AMD.txt,2019,Q1
150,AMD,2018_Q4_amd_processed.txt,2019-01-31,0.0035097764897999,1.720767367068528,101,0.0348327987529301,-0.0542672406616367,0.0300229430657576,0.079029083327258,0.0158775845485292,-0.0631514987787288,/Users/javierdominguezsegura/Downloads/archive (1)/cleaned_ECTs_dataset/AMD/2018_Q4_amd_processed.txt,2018,Q4
151,AMD,2019_Q1_amd_processed.txt,2019-04-30,0.0023109897497749,2.2129618551522845,101,-0.0059408882076426,0.0106708565125048,0.0135417238040033,0.0173627920387775,0.0365471300664538,0.0191843380276762,/Users/javierdominguezsegura/Downloads/archive (1)/cleaned_ECTs_dataset/AMD/2019_Q1_amd_processed.txt,2019,Q1
152,AMD,2019-Apr-30-AMD.txt,2019-05-01,0.0021616864653662,2.2241458038483004,101,0.0373276086216965,-0.0219385226812954,-0.0192701041572041,0.0161814540358502,0.0351482002374243,0.0189667462015741,/Users/javierdominguezsegura/Academics/College/Courses/NLP/NASDAQ-NLP/dataset/Transcripts/AMD/2019-Apr-30-AMD.txt,2019,Q2
153,AMD,2019_Q2_amd_processed.txt,2019-07-31,0.0015851105016074,1.8483671854659784,101,-0.087046829893165,-0.0649357681584883,-0.0806231252207105,0.0152294052006235,0.063722661157406,0.0484932559567825,/Users/javierdominguezsegura/Downloads/archive (1)/cleaned_ECTs_dataset/AMD/2019_Q2_amd_processed.txt,2019,Q2
154,AMD,2019-Oct-29-AMD.txt,2019-10-30,0.0011237820701712,1.9287817291424167,101,0.0213039637732345,0.0548391505133564,-0.004418556138842,0.0195603315216734,0.0154727531583616,-0.0040875783633117,/Users/javierdominguezsegura/Academics/College/Courses/NLP/NASDAQ-NLP/dataset/Transcripts/AMD/2019-Oct-29-AMD.txt,2019,Q4
155,AMD,2019_Q3_amd_processed.txt,2019-10-31,0.0007822688410736,1.9191187647567416,101,0.0317978725961264,0.0554554838771237,0.0260505113393151,0.0195578428733996,0.0153176508447077,-0.0042401920286919,/Users/javierdominguezsegura/Downloads/archive (1)/cleaned_ECTs_dataset/AMD/2019_Q3_amd_processed.txt,2019,Q3
156,AMD,2020-Jan-28-AMD.txt,2020-01-29,0.0021787391279788,1.9979861505811047,101,-0.043694254912419,-0.0577801802446991,-0.0631264848663974,0.0186256817457064,0.0245545143358151,0.0059288325901087,/Users/javierdominguezsegura/Academics/College/Courses/NLP/NASDAQ-NLP/dataset/Transcripts/AMD/2020-Jan-28-AMD.txt,2020,Q1
157,AMD,2019_Q4_amd_processed.txt,2020-01-31,0.0017354917967189,1.7556722602266934,101,-0.0138130731802265,-0.0240035529507923,-0.0102849142805753,0.0286157478713275,0.0172105946960892,-0.0114051531752383,/Users/javierdominguezsegura/Downloads/archive (1)/cleaned_ECTs_dataset/AMD/2019_Q4_amd_processed.txt,2019,Q4
158,AMD,2020-Apr-28-AMD.txt,2020-04-29,0.0037188515921222,1.2400963339197442,101,-0.1051584462353423,-0.0823167861360675,-0.0812719972820746,0.0332533215632782,0.0345624505293024,0.0013091289660242,/Users/javierdominguezsegura/Academics/College/Courses/NLP/NASDAQ-NLP/dataset/Transcripts/AMD/2020-Apr-28-AMD.txt,2020,Q2
159,AMD,2020_Q1_amd_processed.txt,2020-04-30,0.0038988164592527,1.2342472142061764,101,-0.0363770954354727,-0.0265990417780021,-0.0240829219027208,0.0350398481278036,0.0365554680369243,0.0015156199091207,/Users/javierdominguezsegura/Downloads/archive (1)/cleaned_ECTs_dataset/AMD/2020_Q1_amd_processed.txt,2020,Q1
160,AMD,2020-Jul-28-AMD.txt,2020-07-29,0.0002821020504577,1.2216284121981036,101,0.1308506423802357,0.0874620481428379,0.1086014792394723,0.0605068616433042,0.0477381196189673,-0.0127687420243368,/Users/javierdominguezsegura/Academics/College/Courses/NLP/NASDAQ-NLP/dataset/Transcripts/AMD/2020-Jul-28-AMD.txt,2020,Q3
161,AMD,2020_Q2_amd_processed.txt,2020-07-31,8.874004585020916e-05,1.2221361571872291,101,-0.0430168650784321,0.0441755264442337,-0.0281106294699467,0.0668211888555027,0.047477051069112,-0.0193441377863907,/Users/javierdominguezsegura/Downloads/archive (1)/cleaned_ECTs_dataset/AMD/2020_Q2_amd_processed.txt,2020,Q2
162,AMD,2020_Q3_amd_processed.txt,2020-11-02,0.0021440229863363,1.3367433032970588,101,-0.017354422501062,-0.0252154984217842,-0.0156182640349665,0.0247218509899501,0.036755912920726,0.0120340619307759,/Users/javierdominguezsegura/Downloads/archive (1)/cleaned_ECTs_dataset/AMD/2020_Q3_amd_processed.txt,2020,Q3
163,AMD,2020_Q4_amd_processed.txt,2021-02-01,-0.0010931637721885,1.3569265980826226,101,-0.0162744810190027,-0.0420191511384594,-0.0098586652807438,0.0272981989625909,0.0176823408087673,-0.0096158581538235,/Users/javierdominguezsegura/Downloads/archive (1)/cleaned_ECTs_dataset/AMD/2020_Q4_amd_processed.txt,2020,Q4
164,AMD,2021_Q1_amd_processed.txt,2021-04-30,-0.0020305474205362,1.4716932743768196,101,-0.0411954806455011,-0.0130696881504594,-0.0127336115603857,0.0258816781727525,0.0209572788858817,-0.0049243992868707,/Users/javierdominguezsegura/Downloads/archive (1)/cleaned_ECTs_dataset/AMD/2021_Q1_amd_processed.txt,2021,Q1
165,AMD,2021_Q2_amd_processed.txt,2021-08-02,-0.0001773268581547,1.546857056686482,101,0.0501732897391125,0.0376358546754581,0.0222703831803511,0.025900188989047,0.0345866224961068,0.0086864335070597,/Users/javierdominguezsegura/Downloads/archive (1)/cleaned_ECTs_dataset/AMD/2021_Q2_amd_processed.txt,2021,Q2
166,AMD,2021_Q3_amd_processed.txt,2021-11-01,0.0020907396931929,1.226379861329358,101,0.0446315594269145,0.0938915964473329,0.0317786954666685,0.0158764677019171,0.0437830318625797,0.0279065641606625,/Users/javierdominguezsegura/Downloads/archive (1)/cleaned_ECTs_dataset/AMD/2021_Q3_amd_processed.txt,2021,Q3
167,AMD,2021_Q4_amd_processed.txt,2022-01-31,0.0022142137728182,1.895611126261834,101,0.0245995395753292,0.110924919527758,0.0187960413535948,0.0327927042613191,0.0471981104244873,0.0144054061631681,/Users/javierdominguezsegura/Downloads/archive (1)/cleaned_ECTs_dataset/AMD/2021_Q4_amd_processed.txt,2021,Q4
168,AMD,2022_Q1_amd_processed.txt,2022-05-02,0.0003169600606758,1.84069747748901,101,0.0301143686493771,0.09774355268854,0.0201456309900251,0.0387868252142228,0.0576470032306922,0.0188601780164693,/Users/javierdominguezsegura/Downloads/archive (1)/cleaned_ECTs_dataset/AMD/2022_Q1_amd_processed.txt,2022,Q1
169,AMD,2022_Q2_amd_processed.txt,2022-08-01,-0.0007878050672893,1.635294986380777,101,0.0575015211913965,0.0572610194237101,0.0281052169535611,0.030903262223149,0.0317704602034696,0.0008671979803205,/Users/javierdominguezsegura/Downloads/archive (1)/cleaned_ECTs_dataset/AMD/2022_Q2_amd_processed.txt,2022,Q2
170,AMD,2022_Q3_amd_processed.txt,2022-10-31,-0.0012074132978557,1.5425802678002922,101,-0.0061511749927214,0.0827439636135448,-0.0143582042577987,0.0288524357259658,0.0532196207606133,0.0243671850346475,/Users/javierdominguezsegura/Downloads/archive (1)/cleaned_ECTs_dataset/AMD/2022_Q3_amd_processed.txt,2022,Q3
171,AMD,2022_Q4_amd_processed.txt,2023-01-31,-0.0008871095034495,1.637202369212181,101,0.1051589234246939,0.0978953859395773,0.010746357608579,0.0389600434954352,0.0475561936476128,0.0085961501521775,/Users/javierdominguezsegura/Downloads/archive (1)/cleaned_ECTs_dataset/AMD/2022_Q4_amd_processed.txt,2022,Q4
172,AMD,2023_Q1_amd_processed.txt,2023-05-01,0.0023500006854592,1.7267587067953072,101,0.0219843732657423,0.0025671669676823,0.0032050759166969,0.0213664017458964,0.044013067998123,0.0226466662522265,/Users/javierdominguezsegura/Downloads/archive (1)/cleaned_ECTs_dataset/AMD/2023_Q1_amd_processed.txt,2023,Q1
173,AMD,2023_Q2_amd_processed.txt,2023-07-31,0.0009987088849671,1.5642965144783665,101,0.0422869900911531,0.0404243282966172,0.0085412634685014,0.023334214461692,0.0354623666528807,0.0121281521911886,/Users/javierdominguezsegura/Downloads/archive (1)/cleaned_ECTs_dataset/AMD/2023_Q2_amd_processed.txt,2023,Q2
174,AMD,2023_Q3_amd_processed.txt,2023-10-31,-0.0005589894839944,2.000352962353493,101,0.0797094510369477,0.0565334985265114,0.0150208201531397,0.0239162799261212,0.0335619394766216,0.0096456595505004,/Users/javierdominguezsegura/Downloads/archive (1)/cleaned_ECTs_dataset/AMD/2023_Q3_amd_processed.txt,2023,Q3
175,AMD,2023_Q4_amd_processed.txt,2024-01-31,0.0010388706926701,2.003888584567018,101,0.0077349237685308,-0.0023935955741132,0.0182523199780308,0.0345777423846138,0.0254405065811122,-0.0091372358035016,/Users/javierdominguezsegura/Downloads/archive (1)/cleaned_ECTs_dataset/AMD/2023_Q4_amd_processed.txt,2023,Q4
176,AMD,2024_Q1_amd_processed.txt,2024-04-30,0.0011667305212847,2.0565194924699814,101,-0.0540586594077628,-0.0848881991884751,0.0293232172061214,0.03086778994909,0.034466045523589,0.0035982555744989,/Users/javierdominguezsegura/Downloads/archive (1)/cleaned_ECTs_dataset/AMD/2024_Q1_amd_processed.txt,2024,Q1
177,AMD,2024_Q2_amd_processed.txt,2024-07-31,-0.0023780226374434,1.763365842447281,101,-0.0401320258335458,0.0852518213047692,-0.0004727168728906,0.0376184090202349,0.0388006848869228,0.0011822758666878,/Users/javierdominguezsegura/Downloads/archive (1)/cleaned_ECTs_dataset/AMD/2024_Q2_amd_processed.txt,2024,Q2
198,AMZN,2016-Jan-28-AMZN.txt,2016-01-29,0.0026769675904858,1.2603923427125654,101,-0.1339745006102434,-0.1851695856654802,-0.1087771637979569,0.0355194047455655,0.0290756886390543,-0.0064437161065112,/Users/javierdominguezsegura/Academics/College/Courses/NLP/NASDAQ-NLP/dataset/Transcripts/AMZN/2016-Jan-28-AMZN.txt,2016,Q1
199,AMZN,2016-Apr-28-AMZN.txt,2016-04-29,3.3871501109071035e-05,1.1739397825311126,101,0.1293076277420769,0.1328020650690892,0.1029425485538737,0.0121986897225842,0.0198991052254443,0.00770041550286,/Users/javierdominguezsegura/Academics/College/Courses/NLP/NASDAQ-NLP/dataset/Transcripts/AMZN/2016-Apr-28-AMZN.txt,2016,Q2
200,AMZN,2016-Jul-28-AMZN.txt,2016-07-29,0.002649783672933,0.9351105838792974,101,0.0094118781987561,-0.0086475547516125,0.0042911612841226,0.0086808039488283,0.006560186195641,-0.0021206177531872,/Users/javierdominguezsegura/Academics/College/Courses/NLP/NASDAQ-NLP/dataset/Transcripts/AMZN/2016-Jul-28-AMZN.txt,2016,Q3
201,AMZN,2016-Oct-27-AMZN.txt,2016-10-28,0.0011889197325067,0.8114194034931159,101,-0.0321845452852329,-0.0522998039832597,-0.0485354213775756,0.0116849195620835,0.0222761739586596,0.0105912543965761,/Users/javierdominguezsegura/Academics/College/Courses/NLP/NASDAQ-NLP/dataset/Transcripts/AMZN/2016-Oct-27-AMZN.txt,2016,Q4
202,AMZN,2017-Feb-02-AMZN.txt,2017-02-03,-0.0004463582132846,1.3090445433579632,101,-0.0440419643521789,-0.0326228246665996,-0.0420725308379004,0.008544566762297,0.0045494223277542,-0.0039951444345427,/Users/javierdominguezsegura/Academics/College/Courses/NLP/NASDAQ-NLP/dataset/Transcripts/AMZN/2017-Feb-02-AMZN.txt,2017,Q1
203,AMZN,2017-Apr-27-AMZN.txt,2017-04-28,-0.0003290715279027,1.181396893708478,101,0.0246465096751183,0.0213949060055249,0.0077863348302716,0.0090932208564731,0.0107701023804516,0.0016768815239784,/Users/javierdominguezsegura/Academics/College/Courses/NLP/NASDAQ-NLP/dataset/Transcripts/AMZN/2017-Apr-27-AMZN.txt,2017,Q2
204,AMZN,2017-Jul-27-AMZN.txt,2017-07-28,0.0010441553624189,1.0277563014444588,101,-0.0530413895515909,-0.0492693074064265,-0.0246531822711406,0.0071108506204518,0.0140178083018437,0.0069069576813919,/Users/javierdominguezsegura/Academics/College/Courses/NLP/NASDAQ-NLP/dataset/Transcripts/AMZN/2017-Jul-27-AMZN.txt,2017,Q3
205,AMZN,2017-Oct-26-AMZN.txt,2017-10-27,-0.000584147139445,1.2040719467496823,101,0.1162037415260378,0.1077436870975744,0.1062141545757197,0.0081839877373387,0.0078374219203454,-0.0003465658169932,/Users/javierdominguezsegura/Academics/College/Courses/NLP/NASDAQ-NLP/dataset/Transcripts/AMZN/2017-Oct-26-AMZN.txt,2017,Q4
206,AMZN,2017_Q4_amzn_processed.txt,2018-01-31,0.0002250208907207,1.785383324332424,101,-0.02932616207141,0.0734723639730307,0.0066944924819645,0.0120753117221391,0.0328050211232409,0.0207297094011018,/Users/javierdominguezsegura/Downloads/archive (1)/cleaned_ECTs_dataset/Amazon/2017_Q4_amzn_processed.txt,2017,Q4
207,AMZN,2018-Feb-01-AMZN.txt,2018-02-02,3.131800953169699e-05,1.8541844992260277,101,0.1071337550607372,0.1041956383056405,0.0650885273508493,0.0197521363741239,0.0282988443022377,0.0085467079281138,/Users/javierdominguezsegura/Academics/College/Courses/NLP/NASDAQ-NLP/dataset/Transcripts/AMZN/2018-Feb-01-AMZN.txt,2018,Q1
208,AMZN,2018-Apr-26-AMZN.txt,2018-04-27,0.002229914573451,1.0540675963050925,101,0.0351813176003551,0.0278642135717869,0.033613075985603,0.0255065931171884,0.0071893513208349,-0.0183172417963535,/Users/javierdominguezsegura/Academics/College/Courses/NLP/NASDAQ-NLP/dataset/Transcripts/AMZN/2018-Apr-26-AMZN.txt,2018,Q2
209,AMZN,2018_Q1_amzn_processed.txt,2018-04-30,0.0020671659707981,1.106476793381635,101,0.0002682328133899,-0.0036769446193681,0.0021250256027639,0.0264338331215651,0.0069535091356817,-0.0194803239858833,/Users/javierdominguezsegura/Downloads/archive (1)/cleaned_ECTs_dataset/Amazon/2018_Q1_amzn_processed.txt,2018,Q1
210,AMZN,2018-Jul-26-AMZN.txt,2018-07-27,0.0013654009288924,1.2208539873835127,101,0.0162505827442168,0.0112835545085341,0.0216047028082665,0.0149882017446143,0.0123544646622709,-0.0026337370823433,/Users/javierdominguezsegura/Academics/College/Courses/NLP/NASDAQ-NLP/dataset/Transcripts/AMZN/2018-Jul-26-AMZN.txt,2018,Q3
211,AMZN,2018_Q2_amzn_processed.txt,2018-07-31,0.0010152782294773,1.2504722512442406,101,-0.0045660579724989,-0.0089100140530868,-0.0088646048772999,0.0160869900873539,0.0085466688690669,-0.007540321218287,/Users/javierdominguezsegura/Downloads/archive (1)/cleaned_ECTs_dataset/Amazon/2018_Q2_amzn_processed.txt,2018,Q2
212,AMZN,2018-Oct-25-AMZN.txt,2018-10-26,0.0009396967706493,1.3121642701788132,101,-0.094836868302358,-0.10520481369794,-0.0520391467283526,0.0377479433945689,0.0386206864784838,0.0008727430839149,/Users/javierdominguezsegura/Academics/College/Courses/NLP/NASDAQ-NLP/dataset/Transcripts/AMZN/2018-Oct-25-AMZN.txt,2018,Q4
213,AMZN,2018_Q3_amzn_processed.txt,2018-10-31,0.0008898556734152,1.3453868424733522,101,0.0339375196769409,0.0285982209219422,0.0161756163284362,0.0441092300257244,0.0333662599434294,-0.0107429700822949,/Users/javierdominguezsegura/Downloads/archive (1)/cleaned_ECTs_dataset/Amazon/2018_Q3_amzn_processed.txt,2018,Q3
214,AMZN,2018_Q4_amzn_processed.txt,2019-01-31,0.0011776113277347,1.718454873140516,101,-0.0466451585600036,-0.061584494113063,0.0041340007520526,0.0237960003108042,0.0223154668003861,-0.0014805335104181,/Users/javierdominguezsegura/Downloads/archive (1)/cleaned_ECTs_dataset/Amazon/2018_Q4_amzn_processed.txt,2018,Q4
215,AMZN,2019-Jan-31-AMZN.txt,2019-02-01,0.0012707876266869,1.6881688285142795,101,-0.0673092792589958,-0.0718399043583645,-0.0509466605867967,0.0254882696330101,0.0147580295586456,-0.0107302400743644,/Users/javierdominguezsegura/Academics/College/Courses/NLP/NASDAQ-NLP/dataset/Transcripts/AMZN/2019-Jan-31-AMZN.txt,2019,Q1
216,AMZN,2019-Apr-25-AMZN.txt,2019-04-26,0.0005352986882127,1.6149669227437735,101,0.0095311342091576,0.0168073297250232,0.0193837220351984,0.0088858136054398,0.0129484780641081,0.0040626644586682,/Users/javierdominguezsegura/Academics/College/Courses/NLP/NASDAQ-NLP/dataset/Transcripts/AMZN/2019-Apr-25-AMZN.txt,2019,Q2
217,AMZN,2019_Q1_amzn_processed.txt,2019-04-30,0.0001927932101721,1.5906512562461574,101,0.0076257932184357,0.0114323538114648,0.0066152966016615,0.0116397326197843,0.0172852279260132,0.0056454953062288,/Users/javierdominguezsegura/Downloads/archive (1)/cleaned_ECTs_dataset/Amazon/2019_Q1_amzn_processed.txt,2019,Q1
218,AMZN,2019-Jul-25-AMZN.txt,2019-07-26,0.0004580703355293,1.2547301377010225,101,-0.0406600186806106,-0.0477037602548654,-0.0300085216722992,0.0079156586179733,0.0159219902654003,0.0080063316474269,/Users/javierdominguezsegura/Academics/College/Courses/NLP/NASDAQ-NLP/dataset/Transcripts/AMZN/2019-Jul-25-AMZN.txt,2019,Q3
219,AMZN,2019_Q2_amzn_processed.txt,2019-07-31,0.0004972659161491,1.2560169151122345,101,0.0009279777377675,0.010976749146165,-0.0023144566209456,0.0089910127079634,0.0202077492720427,0.0112167365640792,/Users/javierdominguezsegura/Downloads/archive (1)/cleaned_ECTs_dataset/Amazon/2019_Q2_amzn_processed.txt,2019,Q2
220,AMZN,2019-Oct-24-AMZN.txt,2019-10-25,-0.0009432780860681,1.0544685747993423,101,-0.0180782276460044,-0.0117077925776953,-0.0173627625327317,0.0109988946139196,0.0065139870748324,-0.0044849075390871,/Users/javierdominguezsegura/Academics/College/Courses/NLP/NASDAQ-NLP/dataset/Transcripts/AMZN/2019-Oct-24-AMZN.txt,2019,Q4
221,AMZN,2019_Q3_amzn_processed.txt,2019-10-31,-0.0008176627501204,1.0431022017506884,101,-0.002286176041907,-0.0009098918346639,0.0004065652773376,0.0114023982899871,0.0067873215047154,-0.0046150767852716,/Users/javierdominguezsegura/Downloads/archive (1)/cleaned_ECTs_dataset/Amazon/2019_Q3_amzn_processed.txt,2019,Q3
222,AMZN,2019_Q4_amzn_processed.txt,2020-01-31,-0.0008727188225835,1.0208673880857038,101,0.0758718982128671,0.0697146879649087,0.090910826965908,0.010796057500729,0.0116923182994047,0.0008962607986756,/Users/javierdominguezsegura/Downloads/archive (1)/cleaned_ECTs_dataset/Amazon/2019_Q4_amzn_processed.txt,2019,Q4
223,AMZN,2020_Q1_amzn_processed.txt,2020-04-30,0.001461956039861,0.6575811523186923,101,-0.0133000160372281,-0.017852310177834,0.0430835220502438,0.0231197497601348,0.0275829255679984,0.0044631758078636,/Users/javierdominguezsegura/Downloads/archive (1)/cleaned_ECTs_dataset/Amazon/2020_Q1_amzn_processed.txt,2020,Q1
224,AMZN,2020-Apr-30-AMZN.txt,2020-05-01,0.0014204663858704,0.6559350973280432,101,-0.052775794881791,-0.0511803721769592,-0.0563947470085094,0.0229522701293622,0.0103607883800267,-0.0125914817493355,/Users/javierdominguezsegura/Academics/College/Courses/NLP/NASDAQ-NLP/dataset/Transcripts/AMZN/2020-Apr-30-AMZN.txt,2020,Q2
225,AMZN,2020_Q2_amzn_processed.txt,2020-07-31,0.0028075440741572,0.6918895842076277,101,-0.0057682863258042,0.0123103325021461,0.0238636225668214,0.0316190826291148,0.0162219232357322,-0.0153971593933826,/Users/javierdominguezsegura/Downloads/archive (1)/cleaned_ECTs_dataset/Amazon/2020_Q2_amzn_processed.txt,2020,Q2
226,AMZN,2020_Q3_amzn_processed.txt,2020-11-02,0.0005450025293381,1.136448114892309,101,-0.0227421115998989,-0.008896665329345,-0.015769011901922,0.0242634708421727,0.0327245835875191,0.0084611127453464,/Users/javierdominguezsegura/Downloads/archive (1)/cleaned_ECTs_dataset/Amazon/2020_Q3_amzn_processed.txt,2020,Q3
227,AMZN,2020_Q4_amzn_processed.txt,2021-02-01,-0.0016845629144149,1.321591691832822,101,0.0028174757252178,-0.0242168672523169,0.010674886832638,0.0190998788924426,0.0092280416705423,-0.0098718372219003,/Users/javierdominguezsegura/Downloads/archive (1)/cleaned_ECTs_dataset/Amazon/2020_Q4_amzn_processed.txt,2020,Q4
228,AMZN,2021_Q1_amzn_processed.txt,2021-04-30,-0.0016170028639911,0.9504892533622752,101,-0.0085372533685026,-0.0183600597781869,0.0085868943144022,0.0112356960521983,0.0174915360640454,0.0062558400118471,/Users/javierdominguezsegura/Downloads/archive (1)/cleaned_ECTs_dataset/Amazon/2021_Q1_amzn_processed.txt,2021,Q1
229,AMZN,2021_Q2_amzn_processed.txt,2021-08-02,0.0001973777106407,0.8442270685209612,101,0.0061122637414343,0.0009901583546034,0.0004888849301194,0.0262703491994028,0.0064448002408731,-0.0198255489585296,/Users/javierdominguezsegura/Downloads/archive (1)/cleaned_ECTs_dataset/Amazon/2021_Q2_amzn_processed.txt,2021,Q2
230,AMZN,2021_Q3_amzn_processed.txt,2021-11-01,-0.0006605756711851,0.9976317095474652,101,-0.0261131386186824,0.0057500185041738,-0.0217245501250387,0.015275277186343,0.0168952673221854,0.0016199901358423,/Users/javierdominguezsegura/Downloads/archive (1)/cleaned_ECTs_dataset/Amazon/2021_Q3_amzn_processed.txt,2021,Q3
231,AMZN,2021_Q4_amzn_processed.txt,2022-01-31,-0.000460488081026,0.9513333297165188,101,0.0111036810525248,-0.0391426677878254,0.0069020689348094,0.026149881099012,0.0541874697166821,0.0280375886176701,/Users/javierdominguezsegura/Downloads/archive (1)/cleaned_ECTs_dataset/Amazon/2021_Q4_amzn_processed.txt,2021,Q4
232,AMZN,2022_Q1_amzn_processed.txt,2022-05-02,0.0006643420499491,1.092378877706725,101,-0.0218023404902235,-0.0656068106445168,-0.0167408317636524,0.0525440675576857,0.0373264052976455,-0.0152176622600401,/Users/javierdominguezsegura/Downloads/archive (1)/cleaned_ECTs_dataset/Amazon/2022_Q1_amzn_processed.txt,2022,Q1
233,AMZN,2022_Q2_amzn_processed.txt,2022-08-01,-0.0004344217457396,1.2564498224190968,101,-0.000700023260556,0.0242846620655188,0.0058963560334219,0.0432207563195471,0.0213005281441299,-0.0219202281754172,/Users/javierdominguezsegura/Downloads/archive (1)/cleaned_ECTs_dataset/Amazon/2022_Q2_amzn_processed.txt,2022,Q2
234,AMZN,2022_Q3_amzn_processed.txt,2022-10-31,0.0017714356646897,1.3544767205842367,101,-0.0421389439132519,-0.0556136434307909,0.0027927631348413,0.0394228658411613,0.0534118268247262,0.0139889609835648,/Users/javierdominguezsegura/Downloads/archive (1)/cleaned_ECTs_dataset/Amazon/2022_Q3_amzn_processed.txt,2022,Q3
235,AMZN,2022_Q4_amzn_processed.txt,2023-01-31,-0.0024734366592784,1.263788932663009,101,0.0037515105315637,-0.0228590920093279,0.0069755555994107,0.0213218111650796,0.0396856496503673,0.0183638384852876,/Users/javierdominguezsegura/Downloads/archive (1)/cleaned_ECTs_dataset/Amazon/2022_Q4_amzn_processed.txt,2022,Q4
236,AMZN,2023_Q1_amzn_processed.txt,2023-05-01,-0.0007452869648017,1.4193427408049262,101,0.0017047781053249,0.0202036364938698,-0.0298744793686662,0.0273513093298461,0.0134144639967165,-0.0139368453331296,/Users/javierdominguezsegura/Downloads/archive (1)/cleaned_ECTs_dataset/Amazon/2023_Q1_amzn_processed.txt,2023,Q1
237,AMZN,2023_Q2_amzn_processed.txt,2023-07-31,0.0007074016061616,1.2381234925189586,101,-0.0023611881460034,0.0033852498062074,0.0078721293406029,0.0186433056320083,0.0309162138117758,0.0122729081797674,/Users/javierdominguezsegura/Downloads/archive (1)/cleaned_ECTs_dataset/Amazon/2023_Q2_amzn_processed.txt,2023,Q2
238,AMZN,2023_Q3_amzn_processed.txt,2023-10-31,0.0007618135916365,1.3307721271502966,101,0.0025224001172132,-0.0294908773218859,-0.0043247380615464,0.0353322001249284,0.0138506235016754,-0.0214815766232529,/Users/javierdominguezsegura/Downloads/archive (1)/cleaned_ECTs_dataset/Amazon/2023_Q3_amzn_processed.txt,2023,Q3
239,AMZN,2023_Q4_amzn_processed.txt,2024-01-31,-5.190492076731075e-05,1.3585434933399745,101,0.015084690609479,0.0642023507650881,0.0064497729361543,0.0095446721533661,0.0290628879750649,0.0195182158216987,/Users/javierdominguezsegura/Downloads/archive (1)/cleaned_ECTs_dataset/Amazon/2023_Q4_amzn_processed.txt,2023,Q4
240,AMZN,2024_Q1_amzn_processed.txt,2024-04-30,0.0003924875982284,1.242287486193267,101,0.0185701742715334,0.014329151825874,-0.0080471108951356,0.0184357042709591,0.0131387674347512,-0.0052969368362079,/Users/javierdominguezsegura/Downloads/archive (1)/cleaned_ECTs_dataset/Amazon/2024_Q1_amzn_processed.txt,2024,Q1
241,AMZN,2024_Q2_amzn_processed.txt,2024-07-31,0.0002470691572734,1.0274065043116238,101,0.0095214744475763,-0.0595398541199575,0.0016742192814798,0.016782254260968,0.0328657209554146,0.0160834666944465,/Users/javierdominguezsegura/Downloads/archive (1)/cleaned_ECTs_dataset/Amazon/2024_Q2_amzn_processed.txt,2024,Q2
368,BKNG,2017_Q4_bkng_processed.txt,2018-01-31,-0.0019904858048985,0.818396769761498,101,-0.0034907631577733,0.0061851577409005,-0.0039378919997678,0.0117323820805115,0.0201808662510912,0.0084484841705796,/Users/javierdominguezsegura/Downloads/archive (1)/cleaned_ECTs_dataset/BKNG/2017_Q4_bkng_processed.txt,2017,Q4
369,BKNG,2018_Q1_bkng_processed.txt,2018-04-30,0.0005897287597649,0.706655020415425,101,0.0152680309352057,0.0058542576593234,0.0216629181316199,0.0174196428728768,0.0174754457436202,5.580287074342938e-05,/Users/javierdominguezsegura/Downloads/archive (1)/cleaned_ECTs_dataset/BKNG/2018_Q1_bkng_processed.txt,2018,Q1
370,BKNG,2018_Q2_bkng_processed.txt,2018-07-31,0.0005684146788149,0.7452431535540569,101,-0.0120038735246085,-0.0199948238633426,-0.00523136295616,0.0129302224463054,0.0197846802098024,0.0068544577634969,/Users/javierdominguezsegura/Downloads/archive (1)/cleaned_ECTs_dataset/BKNG/2018_Q2_bkng_processed.txt,2018,Q2
371,BKNG,2018_Q3_bkng_processed.txt,2018-10-31,-0.0010524767489837,0.7220922488990207,101,0.0073811316392291,0.0065418997072337,0.0075209517362538,0.0222762353826208,0.0198271523759893,-0.0024490830066314,/Users/javierdominguezsegura/Downloads/archive (1)/cleaned_ECTs_dataset/BKNG/2018_Q3_bkng_processed.txt,2018,Q3
372,BKNG,2018_Q4_bkng_processed.txt,2019-01-31,-0.0003293428151898,0.890524119106744,101,0.000635345310963,0.0196839300949973,-0.0041437213565231,0.018143975823333,0.0120823617573756,-0.0060616140659574,/Users/javierdominguezsegura/Downloads/archive (1)/cleaned_ECTs_dataset/BKNG/2018_Q4_bkng_processed.txt,2018,Q4
373,BKNG,2019_Q1_bkng_processed.txt,2019-04-30,-0.0010839881222986,0.8854909336976586,101,-0.0107156635904651,-0.0240247348722374,-0.0030735894699645,0.0088494108511424,0.0231187857659085,0.014269374914766,/Users/javierdominguezsegura/Downloads/archive (1)/cleaned_ECTs_dataset/BKNG/2019_Q1_bkng_processed.txt,2019,Q1
374,BKNG,2019_Q2_bkng_processed.txt,2019-07-31,-0.0008136396750475,0.9915679398711597,101,0.0019737548903578,0.0020250802723009,-0.0030609874296572,0.0124339743791595,0.0279619352124705,0.0155279608333109,/Users/javierdominguezsegura/Downloads/archive (1)/cleaned_ECTs_dataset/BKNG/2019_Q2_bkng_processed.txt,2019,Q2
375,BKNG,2019_Q3_bkng_processed.txt,2019-10-31,0.0007867469441261,1.0007052073555602,101,-0.020077911739587,-0.0305488075315625,0.0002329596060947,0.0048234191606317,0.0269902006367364,0.0221667814761046,/Users/javierdominguezsegura/Downloads/archive (1)/cleaned_ECTs_dataset/BKNG/2019_Q3_bkng_processed.txt,2019,Q3
376,BKNG,2019_Q4_bkng_processed.txt,2020-01-31,-0.0001980983783738,0.7469434075749507,101,-0.01526883596974,0.0202058743266595,-0.0101038376218972,0.0124370496954022,0.0186995622181905,0.0062625125227882,/Users/javierdominguezsegura/Downloads/archive (1)/cleaned_ECTs_dataset/BKNG/2019_Q4_bkng_processed.txt,2019,Q4
377,BKNG,2020_Q1_bkng_processed.txt,2020-04-30,-0.0030750617524511,0.9726252320432652,101,-0.0077113401771776,-0.0632218245744758,-0.0204602579014481,0.0342440613035509,0.0213204292797421,-0.0129236320238087,/Users/javierdominguezsegura/Downloads/archive (1)/cleaned_ECTs_dataset/BKNG/2020_Q1_bkng_processed.txt,2020,Q1
378,BKNG,2020_Q2_bkng_processed.txt,2020-07-31,-0.0016648617236703,1.0390565904584042,101,-0.0496833892947354,-0.0107295100753677,-0.0289618398772578,0.0096917673274383,0.0131462214956054,0.003454454168167,/Users/javierdominguezsegura/Downloads/archive (1)/cleaned_ECTs_dataset/BKNG/2020_Q2_bkng_processed.txt,2020,Q2
379,BKNG,2020_Q3_bkng_processed.txt,2020-11-02,0.0003908325904131,0.8323935922312478,101,0.0097684523238269,0.0136388936663401,-0.0152236141034494,0.03225770851543,0.0631756257748354,0.0309179172594053,/Users/javierdominguezsegura/Downloads/archive (1)/cleaned_ECTs_dataset/BKNG/2020_Q3_bkng_processed.txt,2020,Q3
380,BKNG,2020_Q4_bkng_processed.txt,2021-02-01,0.0018921759239778,0.4999732075324564,101,0.037119118768837,0.0362119168571732,0.0091072079197218,0.0371130488150426,0.0175521293418126,-0.01956091947323,/Users/javierdominguezsegura/Downloads/archive (1)/cleaned_ECTs_dataset/BKNG/2020_Q4_bkng_processed.txt,2020,Q4
381,BKNG,2021_Q1_bkng_processed.txt,2021-04-30,0.002839398609505,0.5338003267945088,101,-0.0230811618685272,-0.0591635210745785,-0.0124274727074101,0.0205505567397678,0.0232825702723073,0.0027320135325394,/Users/javierdominguezsegura/Downloads/archive (1)/cleaned_ECTs_dataset/BKNG/2021_Q1_bkng_processed.txt,2021,Q1
382,BKNG,2021_Q2_bkng_processed.txt,2021-08-02,0.0004800512622061,0.6350498410790381,101,-0.0227327642177456,0.0040064388912866,-0.0042037686507221,0.0202168070565855,0.0258379708499332,0.0056211637933477,/Users/javierdominguezsegura/Downloads/archive (1)/cleaned_ECTs_dataset/BKNG/2021_Q2_bkng_processed.txt,2021,Q2
383,BKNG,2021_Q3_bkng_processed.txt,2021-11-01,0.0004064563314654,0.948298946880508,101,0.0040182202251484,-0.0211801079629784,0.0220919655072124,0.0137360769887849,0.0306019157526857,0.0168658387639008,/Users/javierdominguezsegura/Downloads/archive (1)/cleaned_ECTs_dataset/BKNG/2021_Q3_bkng_processed.txt,2021,Q3
384,BKNG,2021_Q4_bkng_processed.txt,2022-01-31,0.0007741876802099,0.8845491541451218,101,-0.0165148543996691,-0.0008416666049801,-0.0130207145936697,0.0198013745966598,0.0193683301448631,-0.0004330444517966,/Users/javierdominguezsegura/Downloads/archive (1)/cleaned_ECTs_dataset/BKNG/2021_Q4_bkng_processed.txt,2021,Q4
385,BKNG,2022_Q1_bkng_processed.txt,2022-05-02,0.0002887472927959,0.913976848204541,101,-0.0650583257369511,-0.0178206391629137,-0.0230783726951132,0.0284576291568112,0.0333838825113682,0.004926253354557,/Users/javierdominguezsegura/Downloads/archive (1)/cleaned_ECTs_dataset/BKNG/2022_Q1_bkng_processed.txt,2022,Q1
386,BKNG,2022_Q2_bkng_processed.txt,2022-08-01,-0.0006576121066086,0.9583570812182212,101,0.0155986811687392,-0.0164147902974057,-0.0126552841662369,0.0239005317141347,0.0158355626885515,-0.0080649690255831,/Users/javierdominguezsegura/Downloads/archive (1)/cleaned_ECTs_dataset/BKNG/2022_Q2_bkng_processed.txt,2022,Q2
387,BKNG,2022_Q3_bkng_processed.txt,2022-10-31,-0.0008989316901174,1.1038104433434783,101,0.0324588322878187,0.0582451128523303,0.0110657711140447,0.0206577626947961,0.0312161378110148,0.0105583751162186,/Users/javierdominguezsegura/Downloads/archive (1)/cleaned_ECTs_dataset/BKNG/2022_Q3_bkng_processed.txt,2022,Q3
388,BKNG,2022_Q4_bkng_processed.txt,2023-01-31,0.0021416847218862,0.9293578864066164,101,-0.034834843580126,-0.0507777017485781,-0.0188816798871398,0.0131861639015444,0.0195470415321331,0.0063608776305887,/Users/javierdominguezsegura/Downloads/archive (1)/cleaned_ECTs_dataset/BKNG/2022_Q4_bkng_processed.txt,2022,Q4
389,BKNG,2023_Q1_bkng_processed.txt,2023-05-01,0.0027526419272357,0.6158806516382265,101,0.0129145378906605,-0.0285868999703744,-0.0002689768772068,0.0124926849795274,0.0151483991222321,0.0026557141427047,/Users/javierdominguezsegura/Downloads/archive (1)/cleaned_ECTs_dataset/BKNG/2023_Q1_bkng_processed.txt,2023,Q1
390,BKNG,2023_Q2_bkng_processed.txt,2023-07-31,1.598649423314181e-05,0.7305596766825362,101,-0.0311427641065599,-0.0402648199646105,-0.0152744359388467,0.01419630699029,0.0328838626269431,0.0186875556366531,/Users/javierdominguezsegura/Downloads/archive (1)/cleaned_ECTs_dataset/BKNG/2023_Q2_bkng_processed.txt,2023,Q2
391,BKNG,2023_Q3_bkng_processed.txt,2023-10-31,0.0008353207504067,0.8517693105326731,101,-0.0276110500702602,-0.0229921945313214,-0.0044786589821298,0.0200250384509926,0.0142357262549575,-0.005789312196035,/Users/javierdominguezsegura/Downloads/archive (1)/cleaned_ECTs_dataset/BKNG/2023_Q3_bkng_processed.txt,2023,Q3
392,BKNG,2023_Q4_bkng_processed.txt,2024-01-31,0.0002230493469507,0.9427190467826816,101,0.0094146011482298,0.0131374344493317,0.0073892731379147,0.0141792178505455,0.0161941931860116,0.0020149753354661,/Users/javierdominguezsegura/Downloads/archive (1)/cleaned_ECTs_dataset/BKNG/2023_Q4_bkng_processed.txt,2023,Q4
393,BKNG,2024_Q1_bkng_processed.txt,2024-04-30,0.0007940622828507,0.8266101250473424,101,-0.0104038764779401,0.0059268213237136,-0.0018311496634054,0.0093843641530278,0.0155651447549449,0.0061807806019171,/Users/javierdominguezsegura/Downloads/archive (1)/cleaned_ECTs_dataset/BKNG/2024_Q1_bkng_processed.txt,2024,Q1
394,BKNG,2024_Q2_bkng_processed.txt,2024-07-31,-0.0003353127327035,0.8411794540742419,101,-0.0174218064824902,-0.0425128298307798,-0.0234439599148207,0.019012621108381,0.036911014538124,0.017898393429743,/Users/javierdominguezsegura/Downloads/archive (1)/cleaned_ECTs_dataset/BKNG/2024_Q2_bkng_processed.txt,2024,Q2
508,COST,2018_Q2_cost_processed.txt,2018-07-31,0.0008629351184038,0.617899321900225,101,-0.0170191047250817,-0.0046397909725005,-0.0060728943066829,0.0061697958277709,0.0126949999670358,0.0065252041392649,/Users/javierdominguezsegura/Downloads/archive (1)/cleaned_ECTs_dataset/Costco/2018_Q2_cost_processed.txt,2018,Q2
509,COST,2018_Q3_cost_processed.txt,2018-10-31,0.0016670258647828,0.1699330340809847,101,-0.002380042061149,0.0177756565670477,-0.0019747644777987,0.0181390084093246,0.0099436393054221,-0.0081953691039025,/Users/javierdominguezsegura/Downloads/archive (1)/cleaned_ECTs_dataset/Costco/2018_Q3_cost_processed.txt,2018,Q3
510,COST,2018_Q4_cost_processed.txt,2019-01-31,0.0003253864481349,0.6546220439267573,101,-0.0128300989865311,-0.0195162567100947,0.0062028175051998,0.006567494455537,0.0097642633566368,0.0031967689010997,/Users/javierdominguezsegura/Downloads/archive (1)/cleaned_ECTs_dataset/Costco/2018_Q4_cost_processed.txt,2018,Q4
511,COST,2019_Q1_cost_processed.txt,2019-04-30,0.0003526398426515,0.708209090476282,101,-0.0018660302158069,-0.000145014772249,0.010531038807809,0.0091267002400649,0.0125579163884519,0.0034312161483869,/Users/javierdominguezsegura/Downloads/archive (1)/cleaned_ECTs_dataset/Costco/2019_Q1_cost_processed.txt,2019,Q1
512,COST,2019_Q2_cost_processed.txt,2019-07-31,0.0018339310037511,0.5250137524687257,101,-0.0110001008262916,-0.0241966821104553,-0.0094495599228667,0.004153894977965,0.0171144851081474,0.0129605901301823,/Users/javierdominguezsegura/Downloads/archive (1)/cleaned_ECTs_dataset/Costco/2019_Q2_cost_processed.txt,2019,Q2
513,COST,2019_Q3_cost_processed.txt,2019-10-31,0.0016367761418872,0.5697698934973411,101,-0.0193228787091094,-0.0154595813813399,-0.0077916241054333,0.0083857699274542,0.006914809815206,-0.0014709601122482,/Users/javierdominguezsegura/Downloads/archive (1)/cleaned_ECTs_dataset/Costco/2019_Q3_cost_processed.txt,2019,Q3
514,COST,2019_Q4_cost_processed.txt,2020-01-31,8.317591781919124e-05,0.4750728433918079,101,-0.0232484293183,-0.0125395244947717,-0.0052864778223543,0.0101595536511392,0.0091920412301117,-0.0009675124210275,/Users/javierdominguezsegura/Downloads/archive (1)/cleaned_ECTs_dataset/Costco/2019_Q4_cost_processed.txt,2019,Q4
515,COST,2020_Q1_cost_processed.txt,2020-04-30,0.0004635685478226,0.630679307779685,101,0.0064153760256263,0.0103884845422258,-0.0097481740071174,0.0220583586345012,0.0107491559869335,-0.0113092026475676,/Users/javierdominguezsegura/Downloads/archive (1)/cleaned_ECTs_dataset/Costco/2020_Q1_cost_processed.txt,2020,Q1
516,COST,2020_Q2_cost_processed.txt,2020-07-31,-0.0006591104460891,0.6271780652024954,101,-0.003375287415801,0.0247773346542376,-0.0064820129595236,0.004277354550101,0.0143966720382023,0.0101193174881012,/Users/javierdominguezsegura/Downloads/archive (1)/cleaned_ECTs_dataset/Costco/2020_Q2_cost_processed.txt,2020,Q2
517,COST,2020_Q3_cost_processed.txt,2020-11-02,0.0006823874266998,0.418526814330673,101,0.0288233572828986,0.0358907167934966,0.016483417712194,0.0101163806942502,0.0217735049830216,0.0116571242887714,/Users/javierdominguezsegura/Downloads/archive (1)/cleaned_ECTs_dataset/Costco/2020_Q3_cost_processed.txt,2020,Q3
518,COST,2020_Q4_cost_processed.txt,2021-02-01,0.0004025311281324,0.5637165736558707,101,-0.0149439713852125,-0.019841994189454,-0.0201705806433709,0.0132049434372633,0.0082529949132021,-0.0049519485240611,/Users/javierdominguezsegura/Downloads/archive (1)/cleaned_ECTs_dataset/Costco/2020_Q4_cost_processed.txt,2020,Q4
519,COST,2021_Q1_cost_processed.txt,2021-04-30,-0.0009842670072218,0.4822931918835567,101,0.023956442158262,0.0187540513973712,0.0012077365727915,0.0076562242586249,0.0154222330192622,0.0077660087606373,/Users/javierdominguezsegura/Downloads/archive (1)/cleaned_ECTs_dataset/Costco/2021_Q1_cost_processed.txt,2021,Q1
520,COST,2021_Q2_cost_processed.txt,2021-08-02,0.000840540224194,0.5015807954698356,101,0.007768407382534,0.0202094716821396,-0.0029887296125334,0.0062098463628752,0.0076746874325864,0.0014648410697111,/Users/javierdominguezsegura/Downloads/archive (1)/cleaned_ECTs_dataset/Costco/2021_Q2_cost_processed.txt,2021,Q2
521,COST,2021_Q3_cost_processed.txt,2021-11-01,0.0012094907953912,0.5488667190768071,101,0.0033184811063776,0.0279514190951483,-0.0039920076656383,0.0086672615596274,0.0124315994174884,0.003764337857861,/Users/javierdominguezsegura/Downloads/archive (1)/cleaned_ECTs_dataset/Costco/2021_Q3_cost_processed.txt,2021,Q3
522,COST,2021_Q4_cost_processed.txt,2022-01-31,0.0022499072201308,0.6555532184972709,101,0.0005568024777611,0.0450889140301367,0.0011987988146008,0.0182982281191257,0.0143667397273718,-0.0039314883917538,/Users/javierdominguezsegura/Downloads/archive (1)/cleaned_ECTs_dataset/Costco/2021_Q4_cost_processed.txt,2021,Q4
523,COST,2022_Q1_cost_processed.txt,2022-05-02,0.0017569944851013,0.4973555327146265,101,-0.0195888627427246,-0.032988347089755,-0.0150863394969886,0.0241484602227748,0.0237043714429109,-0.0004440887798638,/Users/javierdominguezsegura/Downloads/archive (1)/cleaned_ECTs_dataset/Costco/2022_Q1_cost_processed.txt,2022,Q1
524,COST,2022_Q2_cost_processed.txt,2022-08-01,0.0010217920833338,0.6722123673672167,101,0.0042858467081008,-0.0182127867856611,0.0103351686558437,0.0170009920590834,0.0098709539792377,-0.0071300380798456,/Users/javierdominguezsegura/Downloads/archive (1)/cleaned_ECTs_dataset/Costco/2022_Q2_cost_processed.txt,2022,Q2
525,COST,2022_Q3_cost_processed.txt,2022-10-31,0.0002502735992303,0.778762161328685,101,-0.006999311622788,0.0049783945585496,-0.0105740952533369,0.0178192594527138,0.0199992349124463,0.0021799754597324,/Users/javierdominguezsegura/Downloads/archive (1)/cleaned_ECTs_dataset/Costco/2022_Q3_cost_processed.txt,2022,Q3
526,COST,2022_Q4_cost_processed.txt,2023-01-31,-0.0003598502538391,0.6864098338773219,101,0.0043582756591838,-0.0104205136315372,0.0044863138265483,0.0151010504607028,0.0126727912644972,-0.0024282591962056,/Users/javierdominguezsegura/Downloads/archive (1)/cleaned_ECTs_dataset/Costco/2022_Q4_cost_processed.txt,2022,Q4
527,COST,2023_Q1_cost_processed.txt,2023-05-01,-0.0007913925244617,0.643055214206504,101,-0.0073915116927064,-0.0066616774467855,-0.0176099064238947,0.0116451300581251,0.0071214671573666,-0.0045236629007585,/Users/javierdominguezsegura/Downloads/archive (1)/cleaned_ECTs_dataset/Costco/2023_Q1_cost_processed.txt,2023,Q1
528,COST,2023_Q2_cost_processed.txt,2023-07-31,-0.0001971329038607,0.5036991850633857,101,-0.012436787751068,0.0034510636001904,-0.0055402188968296,0.0054141074716462,0.0076656732976459,0.0022515658259997,/Users/javierdominguezsegura/Downloads/archive (1)/cleaned_ECTs_dataset/Costco/2023_Q2_cost_processed.txt,2023,Q2
529,COST,2023_Q3_cost_processed.txt,2023-10-31,0.0008819928985983,0.5083389036480261,101,-0.0090396162364448,-0.0176908492352085,-0.0077342047345126,0.0117892881450362,0.0110235560457104,-0.0007657320993258,/Users/javierdominguezsegura/Downloads/archive (1)/cleaned_ECTs_dataset/Costco/2023_Q3_cost_processed.txt,2023,Q3
530,COST,2023_Q4_cost_processed.txt,2024-01-31,0.0015159105152946,0.5558657431738409,101,0.0090630291517773,0.0069361216025805,0.0025179079186198,0.0077939752365771,0.0080162804904875,0.0002223052539103,/Users/javierdominguezsegura/Downloads/archive (1)/cleaned_ECTs_dataset/Costco/2023_Q4_cost_processed.txt,2023,Q4
531,COST,2024_Q1_cost_processed.txt,2024-04-30,0.0012612777906783,0.7558205854794221,101,0.0097219386608267,0.0105443702605657,0.0093974743954494,0.0060156417248025,0.0126675716253942,0.0066519299005917,/Users/javierdominguezsegura/Downloads/archive (1)/cleaned_ECTs_dataset/Costco/2024_Q1_cost_processed.txt,2024,Q1
532,COST,2024_Q2_cost_processed.txt,2024-07-31,0.0010419356790848,0.6314633796267561,101,0.0043726735649669,0.0210444476715012,-0.0029090424743518,0.0107387041648549,0.0169934554964931,0.0062547513316381,/Users/javierdominguezsegura/Downloads/archive (1)/cleaned_ECTs_dataset/Costco/2024_Q2_cost_processed.txt,2024,Q2
533,COST,2024_Q3_cost_processed.txt,2024-10-31,0.0006928221203267,0.55680756821791,101,0.0088322240599222,0.0159502210145959,0.0090657931777941,0.0055192908520364,0.0129109805784949,0.0073916897264584,/Users/javierdominguezsegura/Downloads/archive (1)/cleaned_ECTs_dataset/Costco/2024_Q3_cost_processed.txt,2024,Q3
534,COST,2024_Q4_cost_processed.txt,2025-01-31,0.0003342585955686,0.5310167430742412,101,0.0345391409038262,0.0621668449509846,0.0020196549441892,0.0125715991040637,0.0111848127042491,-0.0013867863998145,/Users/javierdominguezsegura/Downloads/archive (1)/cleaned_ECTs_dataset/Costco/2024_Q4_cost_processed.txt,2024,Q4
547,CRM,2018_Q4_crm_processed.txt,2019-01-31,0.0020105189330938,1.8583187480299164,101,0.0228339571917963,0.017391898868431,0.0008516512662732,0.0181488636462405,0.0155869336036439,-0.0025619300425965,/Users/javierdominguezsegura/Downloads/archive (1)/cleaned_ECTs_dataset/SalesForce/2018_Q4_crm_processed.txt,2018,Q4
548,CRM,2019_Q1_crm_processed.txt,2019-04-30,0.0008342504706897,1.7551743870003198,101,-0.0095842821997308,-0.0170843252849836,-0.0025645451885908,0.0146975418014301,0.0232981520339536,0.0086006102325234,/Users/javierdominguezsegura/Downloads/archive (1)/cleaned_ECTs_dataset/SalesForce/2019_Q1_crm_processed.txt,2019,Q1
549,CRM,2019_Q2_crm_processed.txt,2019-07-31,-0.0014986530349493,1.6221205286552869,101,-0.0043041469138431,0.0051595279102184,0.0034834902992789,0.0121708555845211,0.0186608247804118,0.0064899691958907,/Users/javierdominguezsegura/Downloads/archive (1)/cleaned_ECTs_dataset/SalesForce/2019_Q2_crm_processed.txt,2019,Q2
550,CRM,2019_Q3_crm_processed.txt,2019-10-31,-0.0008284487466677,1.0750869655553073,101,0.0039780246793984,-0.0069797285466114,-0.0072307787782763,0.0157008108940843,0.0085768840012039,-0.0071239268928803,/Users/javierdominguezsegura/Downloads/archive (1)/cleaned_ECTs_dataset/SalesForce/2019_Q3_crm_processed.txt,2019,Q3
551,CRM,2019_Q4_crm_processed.txt,2020-01-31,0.0006614650814318,0.8653120278805131,101,0.0066830161638644,-0.0167221084392418,-0.0034368791890945,0.0121432391140729,0.01092307082097,-0.0012201682931029,/Users/javierdominguezsegura/Downloads/archive (1)/cleaned_ECTs_dataset/SalesForce/2019_Q4_crm_processed.txt,2019,Q4
552,CRM,2020_Q1_crm_processed.txt,2020-04-30,0.0006085666120719,0.9796999301514911,101,0.0103173155745768,0.0397183911113391,0.0178915614972679,0.0338679593049828,0.0323888557867026,-0.0014791035182802,/Users/javierdominguezsegura/Downloads/archive (1)/cleaned_ECTs_dataset/SalesForce/2020_Q1_crm_processed.txt,2020,Q1
553,CRM,2020_Q2_crm_processed.txt,2020-07-31,0.0011664954016565,1.0027639987196806,101,0.0420085780310016,0.0269528530740951,0.0075737728977553,0.0183945414917841,0.023475544472819,0.0050810029810349,/Users/javierdominguezsegura/Downloads/archive (1)/cleaned_ECTs_dataset/SalesForce/2020_Q2_crm_processed.txt,2020,Q2
554,CRM,2020_Q3_crm_processed.txt,2020-11-02,0.0019653599424526,1.1259037223258908,101,-0.0169318238141567,0.0276073730508159,-0.0150595628858132,0.0224520574826283,0.0290811397079225,0.0066290822252942,/Users/javierdominguezsegura/Downloads/archive (1)/cleaned_ECTs_dataset/SalesForce/2020_Q3_crm_processed.txt,2020,Q3
555,CRM,2020_Q4_crm_processed.txt,2021-02-01,-0.0001071429096142,1.3972746736001624,101,-0.0036525180551895,-0.0039083858321742,-0.009464797268659,0.0132184094906619,0.0138822680707955,0.0006638585801335,/Users/javierdominguezsegura/Downloads/archive (1)/cleaned_ECTs_dataset/SalesForce/2020_Q4_crm_processed.txt,2020,Q4
556,CRM,2021_Q1_crm_processed.txt,2021-04-30,-0.0027793278379858,1.035807586081864,101,-0.0355561120109087,-0.0614111409061368,-0.0070068094504602,0.0091073134242576,0.0188042036628601,0.0096968902386024,/Users/javierdominguezsegura/Downloads/archive (1)/cleaned_ECTs_dataset/SalesForce/2021_Q1_crm_processed.txt,2021,Q1
557,CRM,2021_Q2_crm_processed.txt,2021-08-02,-0.0007881238554758,1.2192734233070146,101,-0.0094808593010206,0.0291988222091469,-0.0013877661308902,0.0114677226954833,0.0157064225418907,0.0042386998464073,/Users/javierdominguezsegura/Downloads/archive (1)/cleaned_ECTs_dataset/SalesForce/2021_Q2_crm_processed.txt,2021,Q2
558,CRM,2021_Q3_crm_processed.txt,2021-11-01,0.0020390284567,0.9160242135631718,101,0.0017733038604874,0.0047505318324433,0.006555852828819,0.005348254153875,0.0137387673902676,0.0083905132363925,/Users/javierdominguezsegura/Downloads/archive (1)/cleaned_ECTs_dataset/SalesForce/2021_Q3_crm_processed.txt,2021,Q3
559,CRM,2021_Q4_crm_processed.txt,2022-01-31,-0.0006439857169893,1.3828791947842924,101,0.0107574714145942,-0.0522830064915146,0.0217967291381151,0.0239483313688212,0.0268769308367328,0.0029285994679115,/Users/javierdominguezsegura/Downloads/archive (1)/cleaned_ECTs_dataset/SalesForce/2021_Q4_crm_processed.txt,2021,Q4
560,CRM,2022_Q1_crm_processed.txt,2022-05-02,-0.0028226360342608,1.7569123148329608,101,0.0008892267886528,-0.0144372935418185,0.0021161629671159,0.0378798139854927,0.035442776602778,-0.0024370373827147,/Users/javierdominguezsegura/Downloads/archive (1)/cleaned_ECTs_dataset/SalesForce/2022_Q1_crm_processed.txt,2022,Q1
561,CRM,2022_Q2_crm_processed.txt,2022-08-01,0.0001670347361167,1.544878838422852,101,0.0130950160866961,0.0302286118149538,-0.0014572503810027,0.0318019278872316,0.02148136592265,-0.0103205619645816,/Users/javierdominguezsegura/Downloads/archive (1)/cleaned_ECTs_dataset/SalesForce/2022_Q2_crm_processed.txt,2022,Q2
562,CRM,2022_Q3_crm_processed.txt,2022-10-31,0.0003707286223167,1.3816516169432174,101,-0.0044498579852303,-0.0419344992338126,0.0072909220447837,0.021975206863673,0.0465213599248178,0.0245461530611448,/Users/javierdominguezsegura/Downloads/archive (1)/cleaned_ECTs_dataset/SalesForce/2022_Q3_crm_processed.txt,2022,Q3
563,CRM,2022_Q4_crm_processed.txt,2023-01-31,-0.002309022605373,1.3471144400275714,101,0.013278184535945,0.0078418793600746,0.0021286517392618,0.0233865759119579,0.021744004755053,-0.0016425711569049,/Users/javierdominguezsegura/Downloads/archive (1)/cleaned_ECTs_dataset/SalesForce/2022_Q4_crm_processed.txt,2022,Q4
564,CRM,2023_Q1_crm_processed.txt,2023-05-01,0.0019477359294954,1.4320177896123478,101,-0.0096451362021596,-0.0007211109719618,-0.0043184284967851,0.0144923569015404,0.0144175560379455,-7.480086359485522e-05,/Users/javierdominguezsegura/Downloads/archive (1)/cleaned_ECTs_dataset/SalesForce/2023_Q1_crm_processed.txt,2023,Q1
565,CRM,2023_Q2_crm_processed.txt,2023-07-31,0.0014977255395867,1.036533163687304,101,-0.0076593118732242,-0.0328822630325472,-0.0056353593018081,0.0138088897311802,0.0152204953807193,0.001411605649539,/Users/javierdominguezsegura/Downloads/archive (1)/cleaned_ECTs_dataset/SalesForce/2023_Q2_crm_processed.txt,2023,Q2
566,CRM,2023_Q3_crm_processed.txt,2023-10-31,-0.000246293112218,1.061189444393904,101,0.0056374129501483,-0.0063290327412342,0.0012037195728291,0.0177104554271925,0.0121483250861209,-0.0055621303410716,/Users/javierdominguezsegura/Downloads/archive (1)/cleaned_ECTs_dataset/SalesForce/2023_Q3_crm_processed.txt,2023,Q3
567,CRM,2023_Q4_crm_processed.txt,2024-01-31,0.0013010057432491,1.3227246105521582,101,-0.0112605280901613,-0.0086499955940028,-0.0030745874007009,0.0121107149237292,0.014436891499263,0.0023261765755338,/Users/javierdominguezsegura/Downloads/archive (1)/cleaned_ECTs_dataset/SalesForce/2023_Q4_crm_processed.txt,2023,Q4
568,CRM,2024_Q1_crm_processed.txt,2024-04-30,0.0012805604007218,1.499240613467975,101,0.0005830089331147,-0.0160643786472904,-0.0023574064208278,0.0105689226985392,0.0072140250214,-0.0033548976771391,/Users/javierdominguezsegura/Downloads/archive (1)/cleaned_ECTs_dataset/SalesForce/2024_Q1_crm_processed.txt,2024,Q1
569,CRM,2024_Q2_crm_processed.txt,2024-07-31,-0.0025142788915599,1.7162264269699024,101,-0.0173815358520182,0.0143770368326592,-0.021217839974848,0.0196828842755711,0.0212276415819417,0.0015447573063706,/Users/javierdominguezsegura/Downloads/archive (1)/cleaned_ECTs_dataset/SalesForce/2024_Q2_crm_processed.txt,2024,Q2
570,CRM,2024_Q3_crm_processed.txt,2024-10-31,-0.0005261174108036,1.2476358946505823,101,0.0136977985142419,0.0123735427678929,0.0067802073352176,0.0108378318218647,0.0249218620033019,0.0140840301814371,/Users/javierdominguezsegura/Downloads/archive (1)/cleaned_ECTs_dataset/SalesForce/2024_Q3_crm_processed.txt,2024,Q3
571,CRM,2024_Q4_crm_processed.txt,2025-01-31,0.0017900559615336,1.3660030221158173,101,0.0010650420959147,0.0077333630544457,-0.0003389405073699,0.0216386511619872,0.0188252734307951,-0.002813377731192,/Users/javierdominguezsegura/Downloads/archive (1)/cleaned_ECTs_dataset/SalesForce/2024_Q4_crm_processed.txt,2024,Q4
572,CRM,2025_Q1_crm_processed.txt,2025-04-30,-0.0004603572248654,1.2461127333690714,101,-0.0029178324163124,4.705685370044819e-05,0.00216384344807,0.0287636834751774,0.0178967303603732,-0.0108669531148042,/Users/javierdominguezsegura/Downloads/archive (1)/cleaned_ECTs_dataset/SalesForce/2025_Q1_crm_processed.txt,2025,Q1
573,CRM,2025_Q2_crm_processed.txt,2025-07-31,-0.002702224757023,1.1030437149352728,101,-0.0267312920271114,-0.0450651092049785,-0.017692606207301,0.0077943121178603,0.0191217247554789,0.0113274126376185,/Users/javierdominguezsegura/Downloads/archive (1)/cleaned_ECTs_dataset/SalesForce/2025_Q2_crm_processed.txt,2025,Q2
574,CSCO,2016-Feb-10-CSCO.txt,2016-02-11,-5.4551920567454195e-05,0.936504015700337,101,0.1020847695646282,0.1132927841619044,0.1001178582447142,0.0191401092452471,0.0144151664897124,-0.0047249427555346,/Users/javierdominguezsegura/Academics/College/Courses/NLP/NASDAQ-NLP/dataset/Transcripts/CSCO/2016-Feb-10-CSCO.txt,2016,Q1
575,CSCO,2016-May-18-CSCO.txt,2016-05-19,0.0008762356096864,0.9210787991710804,101,0.0385887273770321,0.0370479385031248,0.0361029673556956,0.011538586326766,0.0081850942894358,-0.0033534920373301,/Users/javierdominguezsegura/Academics/College/Courses/NLP/NASDAQ-NLP/dataset/Transcripts/CSCO/2016-May-18-CSCO.txt,2016,Q2
576,CSCO,2016-Aug-17-CSCO.txt,2016-08-18,0.0006963109756834,0.9689993476203976,101,-0.0096949856641275,-6.721241523262658e-05,-0.0106380356121814,0.0064710128416032,0.0043337274488511,-0.002137285392752,/Users/javierdominguezsegura/Academics/College/Courses/NLP/NASDAQ-NLP/dataset/Transcripts/CSCO/2016-Aug-17-CSCO.txt,2016,Q3
577,CSCO,2016-Nov-16-CSCO.txt,2016-11-17,5.304871393857515e-05,0.9108111888785656,101,-0.0485751597565991,-0.0693848579160617,-0.0549761176818591,0.0106670301037866,0.0069536230169042,-0.0037134070868823,/Users/javierdominguezsegura/Academics/College/Courses/NLP/NASDAQ-NLP/dataset/Transcripts/CSCO/2016-Nov-16-CSCO.txt,2016,Q4
578,CSCO,2017-Feb-15-CSCO.txt,2017-02-16,-0.0006002823127457,0.7424844437865822,101,0.0266889930308988,0.0354691961771624,0.024945518472162,0.0085422348992234,0.0053453655713892,-0.0031968693278342,/Users/javierdominguezsegura/Academics/College/Courses/NLP/NASDAQ-NLP/dataset/Transcripts/CSCO/2017-Feb-15-CSCO.txt,2017,Q1
579,CSCO,2017-May-17-CSCO.txt,2017-05-18,0.0004571722213256,0.7062299759863976,101,-0.0869673017399409,-0.076705465272001,-0.0777604175145158,0.0103832633992902,0.0067759023667366,-0.0036073610325535,/Users/javierdominguezsegura/Academics/College/Courses/NLP/NASDAQ-NLP/dataset/Transcripts/CSCO/2017-May-17-CSCO.txt,2017,Q2
580,CSCO,2017-Aug-16-CSCO.txt,2017-08-17,-0.0010397944393457,0.58734794752822,101,-0.0477911767682715,-0.0239259823829617,-0.0277539602591191,0.0099914296775699,0.0124461435831604,0.0024547139055904,/Users/javierdominguezsegura/Academics/College/Courses/NLP/NASDAQ-NLP/dataset/Transcripts/CSCO/2017-Aug-16-CSCO.txt,2017,Q3
581,CSCO,2017-Nov-15-CSCO.txt,2017-11-16,0.000310324894337,0.9379321302517242,101,0.0410984273560232,0.0502924260071071,0.0394016139970864,0.0064465228359656,0.0099289074499379,0.0034823846139722,/Users/javierdominguezsegura/Academics/College/Courses/NLP/NASDAQ-NLP/dataset/Transcripts/CSCO/2017-Nov-15-CSCO.txt,2017,Q4
582,CSCO,2018-Feb-14-CSCO.txt,2018-02-15,0.0018399812814594,0.8194934160539464,101,0.0382449678832354,0.0138580958732352,0.032498567519929,0.0292424514936522,0.0169770246714634,-0.0122654268221888,/Users/javierdominguezsegura/Academics/College/Courses/NLP/NASDAQ-NLP/dataset/Transcripts/CSCO/2018-Feb-14-CSCO.txt,2018,Q1
583,CSCO,2018_Q1_csco_processed.txt,2018-04-30,0.0016483073026073,1.2200086764603963,101,-0.0024494210323385,-0.0068701973897847,-0.0018694356130038,0.0120103834014828,0.0121412226220844,0.0001308392206016,/Users/javierdominguezsegura/Downloads/archive (1)/cleaned_ECTs_dataset/Cisco/2018_Q1_csco_processed.txt,2018,Q1
584,CSCO,2018-May-16-CSCO.txt,2018-05-17,0.0015041848620091,1.2019283794436564,101,-0.0392529580400612,-0.0360058215228066,-0.0365767363930225,0.0094127427557186,0.0094728033344566,6.00605787380807e-05,/Users/javierdominguezsegura/Academics/College/Courses/NLP/NASDAQ-NLP/dataset/Transcripts/CSCO/2018-May-16-CSCO.txt,2018,Q2
585,CSCO,2018_Q2_csco_processed.txt,2018-07-31,5.237046399159611e-05,1.1576982994305345,101,-0.0191246403118019,-0.0118828376724884,-0.003547362206026,0.0113742359617672,0.0073218172022736,-0.0040524187594936,/Users/javierdominguezsegura/Downloads/archive (1)/cleaned_ECTs_dataset/Cisco/2018_Q2_csco_processed.txt,2018,Q2
586,CSCO,2018-Aug-15-CSCO.txt,2018-08-16,-0.0008577840582966,1.0887408011752,101,0.0411713329965786,0.0350334492248011,0.025959810727753,0.0060416089141361,0.007748200048646,0.0017065911345099,/Users/javierdominguezsegura/Academics/College/Courses/NLP/NASDAQ-NLP/dataset/Transcripts/CSCO/2018-Aug-15-CSCO.txt,2018,Q3
587,CSCO,2018-Nov-14-CSCO.txt,2018-11-15,0.0006094504924728,0.8884429984982632,101,0.0309405946280632,0.0312546184338006,0.0391644163624909,0.0194820412753243,0.0167947501781316,-0.0026872910971926,/Users/javierdominguezsegura/Academics/College/Courses/NLP/NASDAQ-NLP/dataset/Transcripts/CSCO/2018-Nov-14-CSCO.txt,2018,Q4
588,CSCO,2018_Q4_csco_processed.txt,2019-01-31,0.0016064307453798,0.9892304300642834,101,-0.0008979251696519,-0.0245379035180948,-0.0027763257155543,0.0092927946961879,0.0099243453653204,0.0006315506691324,/Users/javierdominguezsegura/Downloads/archive (1)/cleaned_ECTs_dataset/Cisco/2018_Q4_csco_processed.txt,2018,Q4
589,CSCO,2019-Feb-13-CSCO.txt,2019-02-14,0.0008643002744681,0.9888589035699418,101,0.0315713232801097,0.031686495945818,0.0172071770208181,0.0088711789932927,0.0087601063793365,-0.0001110726139562,/Users/javierdominguezsegura/Academics/College/Courses/NLP/NASDAQ-NLP/dataset/Transcripts/CSCO/2019-Feb-13-CSCO.txt,2019,Q1
590,CSCO,2019_Q1_csco_processed.txt,2019-04-30,0.0014516950353594,0.9845757017934594,101,0.0008581054586366,-0.0275730257069084,0.0033585300987052,0.0068880411914317,0.0149202766748971,0.0080322354834653,/Users/javierdominguezsegura/Downloads/archive (1)/cleaned_ECTs_dataset/Cisco/2019_Q1_csco_processed.txt,2019,Q1
591,CSCO,2019-May-15-CSCO.txt,2019-05-16,0.0009899491349931,0.9636251051419312,101,0.072708296949359,0.07741576910338,0.056211929236521,0.0156829050969457,0.0139882716069488,-0.0016946334899969,/Users/javierdominguezsegura/Academics/College/Courses/NLP/NASDAQ-NLP/dataset/Transcripts/CSCO/2019-May-15-CSCO.txt,2019,Q2
592,CSCO,2019_Q2_csco_processed.txt,2019-07-31,0.0007525810008384,1.0255946812678116,101,-0.0003956821984427,-0.0266803841688692,-0.0075287609702991,0.0073225531536469,0.0245473430920323,0.0172247899383854,/Users/javierdominguezsegura/Downloads/archive (1)/cleaned_ECTs_dataset/Cisco/2019_Q2_csco_processed.txt,2019,Q2
593,CSCO,2019-Aug-14-CSCO.txt,2019-08-15,0.0006914872722513,1.0359084022475238,101,-0.0884604446339782,-0.0757941470617205,-0.0858650979201845,0.0245473430920323,0.0186765578832711,-0.0058707852087611,/Users/javierdominguezsegura/Academics/College/Courses/NLP/NASDAQ-NLP/dataset/Transcripts/CSCO/2019-Aug-14-CSCO.txt,2019,Q3
594,CSCO,2019_Q3_csco_processed.txt,2019-10-31,-0.0009334565353319,1.162036099669387,101,-0.0208396330932127,-0.0101955151525172,0.0015082610421446,0.0091669713875732,0.025312724224854,0.0161457528372807,/Users/javierdominguezsegura/Downloads/archive (1)/cleaned_ECTs_dataset/Cisco/2019_Q3_csco_processed.txt,2019,Q3
595,CSCO,2019-Nov-13-CSCO.txt,2019-11-14,-0.0019432158502815,1.126815294117892,101,-0.0731668138479493,-0.0647953730357201,-0.0709038672952645,0.0084782503731951,0.0062810483108911,-0.002197202062304,/Users/javierdominguezsegura/Academics/College/Courses/NLP/NASDAQ-NLP/dataset/Transcripts/CSCO/2019-Nov-13-CSCO.txt,2019,Q4
596,CSCO,2019_Q4_csco_processed.txt,2020-01-31,-0.0020230896145032,1.108995253209383,101,-0.0078477397538022,0.0090174265330893,-0.0072116135990803,0.0132901931967443,0.0226560733879444,0.0093658801912,/Users/javierdominguezsegura/Downloads/archive (1)/cleaned_ECTs_dataset/Cisco/2019_Q4_csco_processed.txt,2019,Q4
597,CSCO,2020-Feb-12-CSCO.txt,2020-02-13,-0.0013549796368338,0.9911201965285004,101,-0.0574943215291222,-0.0780717307645498,-0.0494924648041891,0.0158462722063402,0.0202270019655492,0.0043807297592089,/Users/javierdominguezsegura/Academics/College/Courses/NLP/NASDAQ-NLP/dataset/Transcripts/CSCO/2020-Feb-12-CSCO.txt,2020,Q1
598,CSCO,2020_Q1_csco_processed.txt,2020-04-30,-0.0005849589800459,1.0169619499560605,101,-0.0200025746559027,-0.0296523657003497,-0.0186957011555344,0.0227266652368125,0.0253074307641123,0.0025807655272997,/Users/javierdominguezsegura/Downloads/archive (1)/cleaned_ECTs_dataset/Cisco/2020_Q1_csco_processed.txt,2020,Q1
599,CSCO,2020-May-13-CSCO.txt,2020-05-14,-0.0005661148763032,1.009569391222538,101,0.0388312941114538,0.0285894664700666,0.0366830182837417,0.0217255677161638,0.0196339397632792,-0.0020916279528846,/Users/javierdominguezsegura/Academics/College/Courses/NLP/NASDAQ-NLP/dataset/Transcripts/CSCO/2020-May-13-CSCO.txt,2020,Q2
600,CSCO,2020_Q2_csco_processed.txt,2020-07-31,-0.0008453141392444,1.0013240883735453,101,-0.0123949080730562,-0.0157839048751768,0.0001655469391674,0.0141778976023827,0.0372230863923903,0.0230451887900075,/Users/javierdominguezsegura/Downloads/archive (1)/cleaned_ECTs_dataset/Cisco/2020_Q2_csco_processed.txt,2020,Q2
601,CSCO,2020-Aug-12-CSCO.txt,2020-08-13,-0.0006734545430939,1.000107218075884,101,-0.1163001357239049,-0.1445247089875835,-0.1139248370758023,0.010501951164913,0.0059107828875835,-0.0045911682773294,/Users/javierdominguezsegura/Academics/College/Courses/NLP/NASDAQ-NLP/dataset/Transcripts/CSCO/2020-Aug-12-CSCO.txt,2020,Q3
602,CSCO,2020_Q3_csco_processed.txt,2020-11-02,-0.0024455534414062,0.7058277300599956,101,0.0105676570645848,-0.0149777578166178,-0.0005313317816128,0.0135157039915111,0.0227079590782481,0.0091922550867369,/Users/javierdominguezsegura/Downloads/archive (1)/cleaned_ECTs_dataset/Cisco/2020_Q3_csco_processed.txt,2020,Q3
603,CSCO,2020_Q4_csco_processed.txt,2021-02-01,-0.0011857368409845,0.5184237842410148,101,0.0089420619740398,0.0360564593792419,0.0063837395092214,0.0084456925899181,0.0176912048007212,0.009245512210803,/Users/javierdominguezsegura/Downloads/archive (1)/cleaned_ECTs_dataset/Cisco/2020_Q4_csco_processed.txt,2020,Q4
604,CSCO,2021_Q1_csco_processed.txt,2021-04-30,0.0030155223483764,0.4106316761572455,101,-0.006129726543584,-0.0035978639538562,-0.0102079599353459,0.0114166952419405,0.0148981952572889,0.0034815000153484,/Users/javierdominguezsegura/Downloads/archive (1)/cleaned_ECTs_dataset/Cisco/2021_Q1_csco_processed.txt,2021,Q1
605,CSCO,2021_Q2_csco_processed.txt,2021-08-02,0.0008550540082704,0.4679417711127996,101,0.0113377767443083,-0.0033087061806917,0.0003222055698634,0.0085559616862977,0.0069120636361414,-0.0016438980501563,/Users/javierdominguezsegura/Downloads/archive (1)/cleaned_ECTs_dataset/Cisco/2021_Q2_csco_processed.txt,2021,Q2
606,CSCO,2021_Q3_csco_processed.txt,2021-11-01,2.8027115274562127e-05,0.630730220302593,101,0.0232209627201256,0.0028287825568678,-0.0016745226854509,0.0078739196509794,0.0117283277615443,0.0038544081105648,/Users/javierdominguezsegura/Downloads/archive (1)/cleaned_ECTs_dataset/Cisco/2021_Q3_csco_processed.txt,2021,Q3
607,CSCO,2021_Q4_csco_processed.txt,2022-01-31,0.0012017910980998,0.4756238108925491,101,-0.0264676209117456,-0.0162919176506335,-0.0163324733572341,0.0132729873330137,0.0140161912956207,0.0007432039626069,/Users/javierdominguezsegura/Downloads/archive (1)/cleaned_ECTs_dataset/Cisco/2021_Q4_csco_processed.txt,2021,Q4
608,CSCO,2022_Q1_csco_processed.txt,2022-05-02,0.000374598199375,0.4534630522972661,101,0.0100137445712363,0.012483584406695,0.0101883391081288,0.0225665999312108,0.021028032740417,-0.0015385671907938,/Users/javierdominguezsegura/Downloads/archive (1)/cleaned_ECTs_dataset/Cisco/2022_Q1_csco_processed.txt,2022,Q1
609,CSCO,2022_Q2_csco_processed.txt,2022-08-01,-0.0011187251698305,0.5349809366906924,101,-0.0058848191774515,-0.0093310482875932,7.24452999478339e-05,0.0151749729234324,0.011817325919115,-0.0033576470043174,/Users/javierdominguezsegura/Downloads/archive (1)/cleaned_ECTs_dataset/Cisco/2022_Q2_csco_processed.txt,2022,Q2
610,CSCO,2022_Q3_csco_processed.txt,2022-10-31,-0.0010397355295108,0.6269573344531699,101,0.0101449558491739,0.0083982834453786,0.0028930362611617,0.0122656018559322,0.0184399803498924,0.0061743784939602,/Users/javierdominguezsegura/Downloads/archive (1)/cleaned_ECTs_dataset/Cisco/2022_Q3_csco_processed.txt,2022,Q3
611,CSCO,2022_Q4_csco_processed.txt,2023-01-31,0.0019554954371007,0.6877242478071197,101,-0.0219057125884135,-0.0358157446875927,-0.0041361819736397,0.0124078180955423,0.0132150899389232,0.0008072718433809,/Users/javierdominguezsegura/Downloads/archive (1)/cleaned_ECTs_dataset/Cisco/2022_Q4_csco_processed.txt,2022,Q4
612,CSCO,2023_Q1_csco_processed.txt,2023-05-01,0.0009799955265736,0.5264414036052123,101,-0.0144606807508182,-0.0257214757937804,0.0015268003764573,0.018575435305757,0.0099581437565614,-0.0086172915491955,/Users/javierdominguezsegura/Downloads/archive (1)/cleaned_ECTs_dataset/Cisco/2023_Q1_csco_processed.txt,2023,Q1
613,CSCO,2023_Q2_csco_processed.txt,2023-07-31,-3.704193636893301e-05,0.5614770347008264,101,0.0123077146982345,0.034458553191596,-0.0020741936697685,0.0111786853161503,0.0067151537907006,-0.0044635315254497,/Users/javierdominguezsegura/Downloads/archive (1)/cleaned_ECTs_dataset/Cisco/2023_Q2_csco_processed.txt,2023,Q2
614,CSCO,2023_Q3_csco_processed.txt,2023-10-31,0.0012734463025653,0.4756812466846518,101,-0.0006156329554061,-0.002565822526601,0.0072886197997637,0.0098815849556893,0.0105306220008224,0.0006490370451331,/Users/javierdominguezsegura/Downloads/archive (1)/cleaned_ECTs_dataset/Cisco/2023_Q3_csco_processed.txt,2023,Q3
615,CSCO,2023_Q4_csco_processed.txt,2024-01-31,-0.0006634687134253,0.5167760483116561,101,-0.0333166431365813,-0.0533002263826192,-0.027245060142268,0.0085205227602292,0.0077074823727515,-0.0008130403874777,/Users/javierdominguezsegura/Downloads/archive (1)/cleaned_ECTs_dataset/Cisco/2023_Q4_csco_processed.txt,2023,Q4
616,CSCO,2024_Q1_csco_processed.txt,2024-04-30,-0.0014025395985379,0.4575240394803865,101,-0.0060781000147777,-0.0133001463918097,-0.0060300671776021,0.0045817511704987,0.0065147686999356,0.0019330175294368,/Users/javierdominguezsegura/Downloads/archive (1)/cleaned_ECTs_dataset/Cisco/2024_Q1_csco_processed.txt,2024,Q1
617,CSCO,2024_Q2_csco_processed.txt,2024-07-31,-0.0006693575665397,0.1697189597517791,101,-0.0146655280273013,-0.0599258278716993,0.0026352129456758,0.0125761399556681,0.0174091888629194,0.0048330489072513,/Users/javierdominguezsegura/Downloads/archive (1)/cleaned_ECTs_dataset/Cisco/2024_Q2_csco_processed.txt,2024,Q2
618,CSCO,2024_Q3_csco_processed.txt,2024-10-31,0.0008326611301357,0.3330297569993647,101,0.0034252903738319,0.0099631050591646,-0.0064062492106535,0.0050896390721272,0.0128287548810589,0.0077391158089316,/Users/javierdominguezsegura/Downloads/archive (1)/cleaned_ECTs_dataset/Cisco/2024_Q3_csco_processed.txt,2024,Q3
619,CSCO,2024_Q4_csco_processed.txt,2025-01-31,0.0018373177139164,0.5519538813267248,101,0.0138811179863883,0.0266385195461445,0.0018355882987655,0.0190099843835191,0.0096781756028994,-0.0093318087806196,/Users/javierdominguezsegura/Downloads/archive (1)/cleaned_ECTs_dataset/Cisco/2024_Q4_csco_processed.txt,2024,Q4
777,GOOGL,2016-Feb-01-GOOGL.txt,2016-02-02,0.0018282675650272,1.0789865025208996,101,-0.0036893906174228,-0.035393088858738,0.0354789172517008,0.0190833155904648,0.0208736158140018,0.001790300223537,/Users/javierdominguezsegura/Academics/College/Courses/NLP/NASDAQ-NLP/dataset/Transcripts/GOOGL/2016-Feb-01-GOOGL.txt,2016,Q1
778,GOOGL,2016-Apr-21-GOOGL.txt,2016-04-22,0.0008525240563567,0.8848449215678081,101,-0.0408496858693969,-0.0647259905000988,-0.0478982674275706,0.0076507525512921,0.012885980239485,0.0052352276881928,/Users/javierdominguezsegura/Academics/College/Courses/NLP/NASDAQ-NLP/dataset/Transcripts/GOOGL/2016-Apr-21-GOOGL.txt,2016,Q2
779,GOOGL,2016-Jul-28-GOOGL.txt,2016-07-29,-0.0008625282040956,0.8624051740644251,101,0.0422698066712593,0.0455072004280432,0.0329631729879775,0.0078116797679934,0.0055673336708743,-0.0022443460971191,/Users/javierdominguezsegura/Academics/College/Courses/NLP/NASDAQ-NLP/dataset/Transcripts/GOOGL/2016-Jul-28-GOOGL.txt,2016,Q3
780,GOOGL,2016-Oct-27-GOOGL.txt,2016-10-28,4.157171720618589e-05,0.8508701537211726,101,-0.0047887502282998,-0.0177515588968393,0.006882476028518,0.0092466627734823,0.0162501448136294,0.007003482040147,/Users/javierdominguezsegura/Academics/College/Courses/NLP/NASDAQ-NLP/dataset/Transcripts/GOOGL/2016-Oct-27-GOOGL.txt,2016,Q4
781,GOOGL,2017-Jan-26-GOOGL.txt,2017-01-27,-0.0004145506073335,1.0372237486274785,101,-0.0306054299141597,-0.0455760425126043,-0.0145567879784264,0.0075027569557879,0.0095081658953401,0.0020054089395521,/Users/javierdominguezsegura/Academics/College/Courses/NLP/NASDAQ-NLP/dataset/Transcripts/GOOGL/2017-Jan-26-GOOGL.txt,2017,Q1
782,GOOGL,2017-Apr-27-GOOGL.txt,2017-04-28,-0.0008638132477211,1.1188036314417211,101,0.0399216118437677,0.0618457044137448,0.0382184121082205,0.0087225665487089,0.0057212673694547,-0.0030012991792541,/Users/javierdominguezsegura/Academics/College/Courses/NLP/NASDAQ-NLP/dataset/Transcripts/GOOGL/2017-Apr-27-GOOGL.txt,2017,Q2
783,GOOGL,2017-Jul-24-GOOGL.txt,2017-07-25,0.0006346297342549,1.0120076419674235,101,-0.0363221963087441,-0.0371595515946473,-0.0301788716513866,0.0052197122714231,0.0069951137836726,0.0017754015122495,/Users/javierdominguezsegura/Academics/College/Courses/NLP/NASDAQ-NLP/dataset/Transcripts/GOOGL/2017-Jul-24-GOOGL.txt,2017,Q3
784,GOOGL,2017-Oct-26-GOOGL.txt,2017-10-27,-0.0005504683132811,1.1750910607448688,101,0.0177022924846489,0.0248799715480883,0.0172708905642759,0.0075640186381957,0.0066562297988571,-0.0009077888393385,/Users/javierdominguezsegura/Academics/College/Courses/NLP/NASDAQ-NLP/dataset/Transcripts/GOOGL/2017-Oct-26-GOOGL.txt,2017,Q4
785,GOOGL,2017_Q4_googl_processed.txt,2018-01-31,0.0001931936314882,1.1656460546920646,101,0.0058122245401969,-0.0312503924393285,0.0025089658108675,0.0078659369574109,0.032568617458149,0.024702680500738,/Users/javierdominguezsegura/Downloads/archive (1)/cleaned_ECTs_dataset/Alphabet/2017_Q4_googl_processed.txt,2017,Q4
786,GOOGL,2018-Feb-01-GOOGL.txt,2018-02-02,0.0001471193718308,1.222809837144459,101,-0.0336904007869992,-0.0550544497728456,-0.0289575481862889,0.0076025086984603,0.029607803056168,0.0220052943577076,/Users/javierdominguezsegura/Academics/College/Courses/NLP/NASDAQ-NLP/dataset/Transcripts/GOOGL/2018-Feb-01-GOOGL.txt,2018,Q1
787,GOOGL,2018-Apr-23-GOOGL.txt,2018-04-24,-0.0006904241064591,1.2597148763987152,101,-0.0238541551020311,-0.0348494420184,-0.0255358591928695,0.0136432314863825,0.0144193385846646,0.000776107098282,/Users/javierdominguezsegura/Academics/College/Courses/NLP/NASDAQ-NLP/dataset/Transcripts/GOOGL/2018-Apr-23-GOOGL.txt,2018,Q2
788,GOOGL,2018_Q1_googl_processed.txt,2018-04-30,-0.0005260698184727,1.2627287196588324,101,0.0083204511103123,0.0030361994446389,-0.0024576967997885,0.0216495979294743,0.0136470268252041,-0.0080025711042702,/Users/javierdominguezsegura/Downloads/archive (1)/cleaned_ECTs_dataset/Alphabet/2018_Q1_googl_processed.txt,2018,Q1
789,GOOGL,2018-Jul-23-GOOGL.txt,2018-07-24,-0.0004795502394188,1.3131897177508285,101,0.0388983716722927,0.0544288415896796,0.0395986302455436,0.0106137874304304,0.0130146940990609,0.0024009066686305,/Users/javierdominguezsegura/Academics/College/Courses/NLP/NASDAQ-NLP/dataset/Transcripts/GOOGL/2018-Jul-23-GOOGL.txt,2018,Q3
790,GOOGL,2018_Q2_googl_processed.txt,2018-07-31,-0.0002035900512151,1.2733472166692967,101,-0.0100501242150032,-0.0227163433384975,-0.0090632721878744,0.0185747171719234,0.0067166994739123,-0.011858017698011,/Users/javierdominguezsegura/Downloads/archive (1)/cleaned_ECTs_dataset/Alphabet/2018_Q2_googl_processed.txt,2018,Q2
791,GOOGL,2018-Oct-25-GOOGL.txt,2018-10-26,2.5685294615209055e-06,1.3187330735414051,101,-0.0144691162071866,-0.0084492334473816,0.0092525638921122,0.0282392301962395,0.0259937893560723,-0.0022454408401672,/Users/javierdominguezsegura/Academics/College/Courses/NLP/NASDAQ-NLP/dataset/Transcripts/GOOGL/2018-Oct-25-GOOGL.txt,2018,Q4
792,GOOGL,2018_Q3_googl_processed.txt,2018-10-31,-6.655071522674157e-05,1.2746597500139254,101,-0.0129865238317162,-0.0228145844316972,0.0135248944306487,0.0288048145547943,0.017947585001411,-0.0108572295533833,/Users/javierdominguezsegura/Downloads/archive (1)/cleaned_ECTs_dataset/Alphabet/2018_Q3_googl_processed.txt,2018,Q3
793,GOOGL,2018_Q4_googl_processed.txt,2019-01-31,0.00014326108806,1.0987449354094436,101,0.0062715065286539,0.0147105133911814,0.0101752315335915,0.0157670908622872,0.0147048009750762,-0.001062289887211,/Users/javierdominguezsegura/Downloads/archive (1)/cleaned_ECTs_dataset/Alphabet/2018_Q4_googl_processed.txt,2018,Q4
794,GOOGL,2019-Feb-04-GOOGL.txt,2019-02-05,4.2153316564958574e-05,1.0909472761401118,101,-0.0202360199792896,-0.0272497014425217,0.0010153594058051,0.0185916564057741,0.0127901137979949,-0.0058015426077791,/Users/javierdominguezsegura/Academics/College/Courses/NLP/NASDAQ-NLP/dataset/Transcripts/GOOGL/2019-Feb-04-GOOGL.txt,2019,Q1
795,GOOGL,2019_Q1_googl_processed.txt,2019-04-30,0.0004745331780945,1.061145364979713,101,-0.0827159692674545,-0.0848202946778713,-0.0668532046164115,0.0065811704834166,0.0129668108889283,0.0063856404055117,/Users/javierdominguezsegura/Downloads/archive (1)/cleaned_ECTs_dataset/Alphabet/2019_Q1_googl_processed.txt,2019,Q1
796,GOOGL,2019-Jul-25-GOOGL.txt,2019-07-26,-0.001335023462955,1.1209078478776124,101,0.0886481469308591,0.0881610408872764,0.0850649582985488,0.0067835249190934,0.016589432690579,0.0098059077714855,/Users/javierdominguezsegura/Academics/College/Courses/NLP/NASDAQ-NLP/dataset/Transcripts/GOOGL/2019-Jul-25-GOOGL.txt,2019,Q3
797,GOOGL,2019_Q2_googl_processed.txt,2019-07-31,-0.001061935545036,1.1057408921578953,101,0.0106929091094173,0.0183130119658083,0.0062042842650063,0.0321890115001036,0.0198229647944573,-0.0123660467056463,/Users/javierdominguezsegura/Downloads/archive (1)/cleaned_ECTs_dataset/Alphabet/2019_Q2_googl_processed.txt,2019,Q2
798,GOOGL,2019-Oct-28-GOOGL.txt,2019-10-29,0.0004138578181228,1.1079508447276254,101,-0.0198593448543987,-0.0225237764038423,-0.0158454416671341,0.0092063939036558,0.007024097490556,-0.0021822964130997,/Users/javierdominguezsegura/Academics/College/Courses/NLP/NASDAQ-NLP/dataset/Transcripts/GOOGL/2019-Oct-28-GOOGL.txt,2019,Q4
799,GOOGL,2019_Q3_googl_processed.txt,2019-10-31,0.000318791033571,1.1136345923947093,101,-0.0025308013689487,0.0054857416660461,-0.0002675615072178,0.0112981667446703,0.0072222938456135,-0.0040758728990567,/Users/javierdominguezsegura/Downloads/archive (1)/cleaned_ECTs_dataset/Alphabet/2019_Q3_googl_processed.txt,2019,Q3
800,GOOGL,2019_Q4_googl_processed.txt,2020-01-31,-7.957322418601871e-06,1.0480153902548792,101,0.0226779353406336,-0.0284430153041912,0.0019228634985847,0.0122965481408846,0.0162358029777029,0.0039392548368182,/Users/javierdominguezsegura/Downloads/archive (1)/cleaned_ECTs_dataset/Alphabet/2019_Q4_googl_processed.txt,2019,Q4
801,GOOGL,2020-Feb-03-GOOGL.txt,2020-02-04,0.00025720249323,1.050692461618027,101,-0.0517189498544647,-0.0307601285297373,-0.0473868152370424,0.0160943662285647,0.0082408378350211,-0.0078535283935435,/Users/javierdominguezsegura/Academics/College/Courses/NLP/NASDAQ-NLP/dataset/Transcripts/GOOGL/2020-Feb-03-GOOGL.txt,2020,Q1
802,GOOGL,2020-Apr-28-GOOGL.txt,2020-04-29,-0.0001850500610922,0.9245740132765186,101,0.0622841196565132,0.0633106861483739,0.0561221374184119,0.022321605582585,0.0160496535076708,-0.0062719520749142,/Users/javierdominguezsegura/Academics/College/Courses/NLP/NASDAQ-NLP/dataset/Transcripts/GOOGL/2020-Apr-28-GOOGL.txt,2020,Q2
803,GOOGL,2020_Q1_googl_processed.txt,2020-04-30,-0.000298402976197,0.9303025154127602,101,0.0145574794843714,0.0171905015838939,0.0062915028142357,0.0363597394351716,0.0161339419190178,-0.0202257975161537,/Users/javierdominguezsegura/Downloads/archive (1)/cleaned_ECTs_dataset/Alphabet/2020_Q1_googl_processed.txt,2020,Q1
804,GOOGL,2020_Q2_googl_processed.txt,2020-07-31,-0.0006948165140341,0.9702718929445836,101,-0.063527724533439,-0.0730778844252383,-0.0465098520232182,0.017384695029994,0.0101433472803087,-0.0072413477496852,/Users/javierdominguezsegura/Downloads/archive (1)/cleaned_ECTs_dataset/Alphabet/2020_Q2_googl_processed.txt,2020,Q2
805,GOOGL,2020_Q3_googl_processed.txt,2020-11-02,-0.0013810169294868,0.9496206050147278,101,-0.0006144381287013,0.0113697138503261,0.0024560149837702,0.0297817832714741,0.0201694605256259,-0.0096123227458481,/Users/javierdominguezsegura/Downloads/archive (1)/cleaned_ECTs_dataset/Alphabet/2020_Q3_googl_processed.txt,2020,Q3
806,GOOGL,2020_Q4_googl_processed.txt,2021-02-01,0.0001257297493463,0.9566482051894746,101,0.0101729178997536,0.0686019803784354,0.0114828807632546,0.0267255550950131,0.0227662327990662,-0.0039593222959468,/Users/javierdominguezsegura/Downloads/archive (1)/cleaned_ECTs_dataset/Alphabet/2020_Q4_googl_processed.txt,2020,Q4
807,GOOGL,2021_Q1_googl_processed.txt,2021-04-30,0.0007314591216435,0.8771889084673158,101,-0.0105871853991487,-0.0042768512994012,-0.0096727412874286,0.0131566105187135,0.0171906407950418,0.0040340302763282,/Users/javierdominguezsegura/Downloads/archive (1)/cleaned_ECTs_dataset/Alphabet/2021_Q1_googl_processed.txt,2021,Q1
808,GOOGL,2021_Q2_googl_processed.txt,2021-08-02,0.0014617978556906,0.8730783232200094,101,-0.0014928403073679,-0.0077098449854132,-0.0010108659981112,0.0182046236228222,0.0051011029187549,-0.0131035207040673,/Users/javierdominguezsegura/Downloads/archive (1)/cleaned_ECTs_dataset/Alphabet/2021_Q2_googl_processed.txt,2021,Q2
809,GOOGL,2021_Q3_googl_processed.txt,2021-11-01,0.0009208707736155,1.1699114773231871,101,-0.0304697628039677,-0.0345429517613125,-0.0390101301445023,0.020514826772865,0.01099830311063,-0.0095165236622349,/Users/javierdominguezsegura/Downloads/archive (1)/cleaned_ECTs_dataset/Alphabet/2021_Q3_googl_processed.txt,2021,Q3
810,GOOGL,2021_Q4_googl_processed.txt,2022-01-31,0.0001238914087802,0.9339136975292288,101,-0.0070959798101989,0.0649569894581414,-0.0173104538072009,0.0199899603814178,0.0327091400011414,0.0127191796197236,/Users/javierdominguezsegura/Downloads/archive (1)/cleaned_ECTs_dataset/Alphabet/2021_Q4_googl_processed.txt,2021,Q4
811,GOOGL,2022_Q1_googl_processed.txt,2022-05-02,0.0004704774659069,0.912190005964949,101,0.0102662638662172,0.0206531124443069,0.0063134571429176,0.0301676200824925,0.0262314327873174,-0.0039361872951751,/Users/javierdominguezsegura/Downloads/archive (1)/cleaned_ECTs_dataset/Alphabet/2022_Q1_googl_processed.txt,2022,Q1
812,GOOGL,2022_Q2_googl_processed.txt,2022-08-01,-0.0004020703717211,0.9760463825229128,101,-0.0060909636530035,-0.0080163081676978,-0.0104393979920101,0.0370526024834135,0.013650593397132,-0.0234020090862815,/Users/javierdominguezsegura/Downloads/archive (1)/cleaned_ECTs_dataset/Alphabet/2022_Q2_googl_processed.txt,2022,Q2
813,GOOGL,2022_Q3_googl_processed.txt,2022-10-31,-0.000453049719303,1.0878879815663394,101,-0.0394933963820358,-0.0626153429868531,-0.0068329044049572,0.0383779827035464,0.0389962073136208,0.0006182246100744,/Users/javierdominguezsegura/Downloads/archive (1)/cleaned_ECTs_dataset/Alphabet/2022_Q3_googl_processed.txt,2022,Q3
814,GOOGL,2022_Q4_googl_processed.txt,2023-01-31,-0.0006390715711872,1.1153055275965544,101,-0.0040203697239593,0.0240015954211777,0.0015677292372921,0.0259135019785272,0.0427985991048054,0.0168850971262782,/Users/javierdominguezsegura/Downloads/archive (1)/cleaned_ECTs_dataset/Alphabet/2022_Q4_googl_processed.txt,2022,Q4
815,GOOGL,2023_Q1_googl_processed.txt,2023-05-01,0.0002499402200669,1.231005786271239,101,-0.0046193982909936,0.0005601397691611,-0.0001466393922309,0.017780433573807,0.0206066004678791,0.0028261668940721,/Users/javierdominguezsegura/Downloads/archive (1)/cleaned_ECTs_dataset/Alphabet/2023_Q1_googl_processed.txt,2023,Q1
816,GOOGL,2023_Q2_googl_processed.txt,2023-07-31,-0.000242329206625,1.2259901643780189,101,-0.0044813332284748,0.0003026827931667,-0.0012158400142158,0.0227672855068469,0.0138767035328025,-0.0088905819740444,/Users/javierdominguezsegura/Downloads/archive (1)/cleaned_ECTs_dataset/Alphabet/2023_Q2_googl_processed.txt,2023,Q2
817,GOOGL,2023_Q3_googl_processed.txt,2023-10-31,0.0014301221011596,1.0626878696912154,101,-0.0093286528537028,-0.0249855033695068,-0.0096149741663941,0.0328978082738079,0.009477677932158,-0.0234201303416499,/Users/javierdominguezsegura/Downloads/archive (1)/cleaned_ECTs_dataset/Alphabet/2023_Q3_googl_processed.txt,2023,Q3
818,GOOGL,2023_Q4_googl_processed.txt,2024-01-31,-0.0001207653034396,1.145930831468459,101,-0.0565745767459467,-0.0562079501029524,-0.0493267917828531,0.011441401400215,0.0105263633971198,-0.0009150380030951,/Users/javierdominguezsegura/Downloads/archive (1)/cleaned_ECTs_dataset/Alphabet/2023_Q4_googl_processed.txt,2023,Q4
819,GOOGL,2024_Q1_googl_processed.txt,2024-04-30,0.0001908559173232,0.9138333530154388,101,0.0076215008759495,-0.0041776274148231,-0.0018770920740485,0.0365278932182719,0.0091763100158078,-0.027351583202464,/Users/javierdominguezsegura/Downloads/archive (1)/cleaned_ECTs_dataset/Alphabet/2024_Q1_googl_processed.txt,2024,Q1
820,GOOGL,2024_Q2_googl_processed.txt,2024-07-31,0.0012987305328278,0.9161843853110672,101,-0.0028570020535061,-0.0201929757862394,-0.0181075440190638,0.0218413786924995,0.0194854175248275,-0.0023559611676719,/Users/javierdominguezsegura/Downloads/archive (1)/cleaned_ECTs_dataset/Alphabet/2024_Q2_googl_processed.txt,2024,Q2
821,IBM,2017_Q4_ibm_processed.txt,2018-01-31,0.0004923017910308,0.5586715994030562,101,-0.0083478610345104,-0.0362146543046274,-0.0002767479480769,0.0197058871243605,0.0221939787826476,0.0024880916582871,/Users/javierdominguezsegura/Downloads/archive (1)/cleaned_ECTs_dataset/IBM/2017_Q4_ibm_processed.txt,2017,Q4
822,IBM,2018_Q1_ibm_processed.txt,2018-04-30,9.551171484240704e-06,0.9544035225678372,101,-0.0047389179393186,-0.0165446557332729,-0.0025722104276993,0.0262144322260325,0.0089767393937889,-0.0172376928322435,/Users/javierdominguezsegura/Downloads/archive (1)/cleaned_ECTs_dataset/IBM/2018_Q1_ibm_processed.txt,2018,Q1
823,IBM,2018_Q2_ibm_processed.txt,2018-07-31,-0.0008999395790438,0.998408786388788,101,-0.0157546740317857,0.0058830306066945,-0.0078263495325095,0.0142969903623413,0.0132225132524272,-0.0010744771099141,/Users/javierdominguezsegura/Downloads/archive (1)/cleaned_ECTs_dataset/IBM/2018_Q2_ibm_processed.txt,2018,Q2
824,IBM,2018_Q3_ibm_processed.txt,2018-10-31,8.827245452812235e-05,0.9052861166310088,101,-0.0071694939205664,0.0213265438739036,-0.0096519438203085,0.0255149307841528,0.0173837802439169,-0.0081311505402358,/Users/javierdominguezsegura/Downloads/archive (1)/cleaned_ECTs_dataset/IBM/2018_Q3_ibm_processed.txt,2018,Q3
825,IBM,2018_Q4_ibm_processed.txt,2019-01-31,-0.0009026032076699,0.9306519242319008,101,-0.0091149969811968,-0.0072068514195968,-0.0068009925365897,0.026988390763794,0.0081748279339572,-0.0188135628298367,/Users/javierdominguezsegura/Downloads/archive (1)/cleaned_ECTs_dataset/IBM/2018_Q4_ibm_processed.txt,2018,Q4
826,IBM,2019_Q1_ibm_processed.txt,2019-04-30,0.0018718605676334,1.0024563821717054,101,0.0136641388948265,0.000214966175896,0.0059479201813105,0.0153784340503253,0.0125251577125788,-0.0028532763377464,/Users/javierdominguezsegura/Downloads/archive (1)/cleaned_ECTs_dataset/IBM/2019_Q1_ibm_processed.txt,2019,Q1
827,IBM,2019_Q2_ibm_processed.txt,2019-07-31,-0.0004524990101241,1.1799105757926815,101,0.028182477762703,0.0083175863823035,0.0030807257092816,0.0151204550505911,0.0221093396440189,0.0069888845934277,/Users/javierdominguezsegura/Downloads/archive (1)/cleaned_ECTs_dataset/IBM/2019_Q2_ibm_processed.txt,2019,Q2
828,IBM,2019_Q3_ibm_processed.txt,2019-10-31,0.0005226620947854,1.1714570309841197,101,-0.0066014443893414,0.0067907605032085,-0.0082200464382379,0.0198923756965008,0.0093826233727141,-0.0105097523237866,/Users/javierdominguezsegura/Downloads/archive (1)/cleaned_ECTs_dataset/IBM/2019_Q3_ibm_processed.txt,2019,Q3
829,IBM,2019_Q4_ibm_processed.txt,2020-01-31,-0.001298809082534,1.0983823225305211,101,0.0826375061137674,0.1242604391090222,0.0716349080685482,0.0151391516922617,0.0200620709492497,0.004922919256988,/Users/javierdominguezsegura/Downloads/archive (1)/cleaned_ECTs_dataset/IBM/2019_Q4_ibm_processed.txt,2019,Q4
830,IBM,2020_Q1_ibm_processed.txt,2020-04-30,-0.0003153833241521,0.9574805789893376,101,-0.0173928363850325,-0.0236499259672028,-0.0151857154324423,0.0218547317461385,0.0174730499527547,-0.0043816817933837,/Users/javierdominguezsegura/Downloads/archive (1)/cleaned_ECTs_dataset/IBM/2020_Q1_ibm_processed.txt,2020,Q1
831,IBM,2020_Q2_ibm_processed.txt,2020-07-31,-0.0016007092407174,1.0186731481347675,101,-0.0004584968619961,0.0017225045782796,-0.0058875214733577,0.0128386334489488,0.008857428657583,-0.0039812047913657,/Users/javierdominguezsegura/Downloads/archive (1)/cleaned_ECTs_dataset/IBM/2020_Q2_ibm_processed.txt,2020,Q2
832,IBM,2020_Q3_ibm_processed.txt,2020-11-02,-0.0015632561404734,1.1160886921623676,101,-0.008221497264553,-0.0455699597324309,-0.0009902693923862,0.0277433946775426,0.0187437956123605,-0.0089995990651821,/Users/javierdominguezsegura/Downloads/archive (1)/cleaned_ECTs_dataset/IBM/2020_Q3_ibm_processed.txt,2020,Q3
833,IBM,2020_Q4_ibm_processed.txt,2021-02-01,-0.0005605673014616,0.7712593778360781,101,-0.0190981777273865,-0.0138545485681395,0.0001862486431534,0.0350607016131226,0.0091722676089803,-0.0258884340041422,/Users/javierdominguezsegura/Downloads/archive (1)/cleaned_ECTs_dataset/IBM/2020_Q4_ibm_processed.txt,2020,Q4
834,IBM,2021_Q1_ibm_processed.txt,2021-04-30,0.0010657054828552,0.6856269324405498,101,0.0047840335274931,0.0100211886312842,-0.0124943965903592,0.017550784183261,0.0148060435802705,-0.0027447406029904,/Users/javierdominguezsegura/Downloads/archive (1)/cleaned_ECTs_dataset/IBM/2021_Q1_ibm_processed.txt,2021,Q1
835,IBM,2021_Q2_ibm_processed.txt,2021-08-02,0.0009218804780199,0.5956442125597582,101,0.0163693990267908,0.0046851660478056,0.0034390393160953,0.0079820074470672,0.0081569746173608,0.0001749671702935,/Users/javierdominguezsegura/Downloads/archive (1)/cleaned_ECTs_dataset/IBM/2021_Q2_ibm_processed.txt,2021,Q2
836,IBM,2021_Q3_ibm_processed.txt,2021-11-01,-0.0001243407300794,0.7580620395483388,101,0.0047347162772134,-0.0012265394287715,0.0081923050199562,0.0294050597793466,0.0110159940281085,-0.0183890657512381,/Users/javierdominguezsegura/Downloads/archive (1)/cleaned_ECTs_dataset/IBM/2021_Q3_ibm_processed.txt,2021,Q3
837,IBM,2021_Q4_ibm_processed.txt,2022-01-31,-0.000214748477126,0.4494979867855386,101,-0.0033854613358144,0.0203250016157885,-0.015189056368039,0.0214863290861576,0.0115814974471691,-0.0099048316389885,/Users/javierdominguezsegura/Downloads/archive (1)/cleaned_ECTs_dataset/IBM/2021_Q4_ibm_processed.txt,2021,Q4
838,IBM,2022_Q1_ibm_processed.txt,2022-05-02,0.0009223307294184,0.3635109832246496,101,-0.0032966896981946,0.0230154219462055,0.0032924295848968,0.027660459478117,0.0206419282363431,-0.0070185312417739,/Users/javierdominguezsegura/Downloads/archive (1)/cleaned_ECTs_dataset/IBM/2022_Q1_ibm_processed.txt,2022,Q1
839,IBM,2022_Q2_ibm_processed.txt,2022-08-01,0.0014275537302658,0.5383018848320369,101,0.0100663045380108,-0.0020570501955377,0.0096493787468313,0.018887682226999,0.0080116721899981,-0.0108760100370009,/Users/javierdominguezsegura/Downloads/archive (1)/cleaned_ECTs_dataset/IBM/2022_Q2_ibm_processed.txt,2022,Q2
840,IBM,2022_Q3_ibm_processed.txt,2022-10-31,-0.0004365401064854,0.4882542955336105,101,0.0042763529422076,-0.0046355909508697,0.0024879098613375,0.0151496461921893,0.014007767068181,-0.0011418791240082,/Users/javierdominguezsegura/Downloads/archive (1)/cleaned_ECTs_dataset/IBM/2022_Q3_ibm_processed.txt,2022,Q3
841,IBM,2022_Q4_ibm_processed.txt,2023-01-31,0.0014042994943606,0.7233146230047152,101,-0.0225009542332302,-0.0147965975372078,-0.0162083321074221,0.0173009464166406,0.0080104664197923,-0.0092904799968483,/Users/javierdominguezsegura/Downloads/archive (1)/cleaned_ECTs_dataset/IBM/2022_Q4_ibm_processed.txt,2022,Q4
842,IBM,2023_Q1_ibm_processed.txt,2023-05-01,-0.0005963346427493,0.6219969007428876,101,-0.0012677500933629,-0.0120230815128924,-0.0016950802116597,0.0054228132847841,0.0094167969690357,0.0039939836842515,/Users/javierdominguezsegura/Downloads/archive (1)/cleaned_ECTs_dataset/IBM/2023_Q1_ibm_processed.txt,2023,Q1
843,IBM,2023_Q2_ibm_processed.txt,2023-07-31,-0.0004033252732446,0.6281428212925358,101,0.000751682890604,0.0196547436232609,0.00456955829204,0.0059818275580045,0.0075067827637186,0.0015249552057141,/Users/javierdominguezsegura/Downloads/archive (1)/cleaned_ECTs_dataset/IBM/2023_Q2_ibm_processed.txt,2023,Q2
844,IBM,2023_Q3_ibm_processed.txt,2023-10-31,0.0014531220563392,0.5644765120772927,101,0.0068552506627794,0.0051282082022438,0.008984312874511,0.0178052038889677,0.0079103099402739,-0.0098948939486938,/Users/javierdominguezsegura/Downloads/archive (1)/cleaned_ECTs_dataset/IBM/2023_Q3_ibm_processed.txt,2023,Q3
845,IBM,2023_Q4_ibm_processed.txt,2024-01-31,0.0010137620908325,0.4740703359872714,101,-0.0050829949679787,-0.0293607419938255,-0.0157876846630619,0.0310620995419825,0.0102872130571415,-0.0207748864848409,/Users/javierdominguezsegura/Downloads/archive (1)/cleaned_ECTs_dataset/IBM/2023_Q4_ibm_processed.txt,2023,Q4
846,IBM,2024_Q1_ibm_processed.txt,2024-04-30,0.000890683378181,1.02863844086898,101,-6.284144806976977e-05,-0.0163754759696733,0.0079437823130729,0.0273875447293834,0.0087276101672426,-0.0186599345621408,/Users/javierdominguezsegura/Downloads/archive (1)/cleaned_ECTs_dataset/IBM/2024_Q1_ibm_processed.txt,2024,Q1
847,IBM,2024_Q2_ibm_processed.txt,2024-07-31,-0.0010368173449735,0.9162944251167678,101,-0.0069997503686567,0.0058088894416699,-0.0076764616968689,0.0154693302824847,0.0171959866233498,0.0017266563408651,/Users/javierdominguezsegura/Downloads/archive (1)/cleaned_ECTs_dataset/IBM/2024_Q2_ibm_processed.txt,2024,Q2
848,INTC,2016-Jan-14-INTC.txt,2016-01-15,0.0024998132390461,0.850131748487792,101,-0.0691858803052942,-0.0779383675167182,-0.0702027381111153,0.0209230510125665,0.0132567041148381,-0.0076663468977283,/Users/javierdominguezsegura/Academics/College/Courses/NLP/NASDAQ-NLP/dataset/Transcripts/INTC/2016-Jan-14-INTC.txt,2016,Q1
849,INTC,2016-Apr-19-INTC.txt,2016-04-20,-2.36645408277983e-05,0.9956248352607916,101,0.0106467769198566,0.0025730381657739,0.0111100991511927,0.0086352976233284,0.0120437907712832,0.0034084931479548,/Users/javierdominguezsegura/Academics/College/Courses/NLP/NASDAQ-NLP/dataset/Transcripts/INTC/2016-Apr-19-INTC.txt,2016,Q2
850,INTC,2016-Jul-20-INTC.txt,2016-07-21,0.0003202509049533,0.8937654470939278,101,-0.0308579624390276,-0.0208367408004944,-0.0372924140303545,0.0086434667301282,0.0071789592441581,-0.0014645074859701,/Users/javierdominguezsegura/Academics/College/Courses/NLP/NASDAQ-NLP/dataset/Transcripts/INTC/2016-Jul-20-INTC.txt,2016,Q3
851,INTC,2016-Oct-18-INTC.txt,2016-10-19,0.0010175737915268,1.0545078617433548,101,-0.0632222415782077,-0.0836793596646439,-0.060872389181287,0.010057084533191,0.0046136392809564,-0.0054434452522346,/Users/javierdominguezsegura/Academics/College/Courses/NLP/NASDAQ-NLP/dataset/Transcripts/INTC/2016-Oct-18-INTC.txt,2016,Q4
852,INTC,2017-Jan-26-INTC.txt,2017-01-27,0.0001283285903817,1.1028219702933335,101,0.00425904458123,-0.025864062783755,0.0099618389980471,0.0092371846872581,0.0097622277226299,0.0005250430353717,/Users/javierdominguezsegura/Academics/College/Courses/NLP/NASDAQ-NLP/dataset/Transcripts/INTC/2017-Jan-26-INTC.txt,2017,Q1
853,INTC,2017-Apr-27-INTC.txt,2017-04-28,-0.000864395029604,0.9351312332848178,101,-0.0346391301636069,-0.0040991201688982,-0.0331273687924898,0.0066722060181975,0.0087553709561983,0.0020831649380007,/Users/javierdominguezsegura/Academics/College/Courses/NLP/NASDAQ-NLP/dataset/Transcripts/INTC/2017-Apr-27-INTC.txt,2017,Q2
854,INTC,2017-Jul-27-INTC.txt,2017-07-28,-0.0013215792076378,0.7197926189015281,101,0.0207425659829531,0.0545261234960202,0.0118910430548996,0.0058162436972189,0.0101474499362631,0.0043312062390442,/Users/javierdominguezsegura/Academics/College/Courses/NLP/NASDAQ-NLP/dataset/Transcripts/INTC/2017-Jul-27-INTC.txt,2017,Q3
855,INTC,2017-Oct-26-INTC.txt,2017-10-27,2.1703400669931287e-05,0.7776695308869059,101,0.0561711320468777,0.1061439870647408,0.0566013994336267,0.0067054642066101,0.0152258307958325,0.0085203665892223,/Users/javierdominguezsegura/Academics/College/Courses/NLP/NASDAQ-NLP/dataset/Transcripts/INTC/2017-Oct-26-INTC.txt,2017,Q4
856,INTC,2018-Jan-25-INTC.txt,2018-01-26,0.0014840241266999,1.067342817481388,101,0.092511130416649,0.0602667273365091,0.0904087737515621,0.0133402849310918,0.0250715959937611,0.0117313110626692,/Users/javierdominguezsegura/Academics/College/Courses/NLP/NASDAQ-NLP/dataset/Transcripts/INTC/2018-Jan-25-INTC.txt,2018,Q1
857,INTC,2018-Apr-26-INTC.txt,2018-04-27,0.0006875617781013,1.327197533135927,101,-0.0186879696171526,-0.0126175452256673,-0.0069282823891046,0.0178428794191569,0.0164755304054838,-0.0013673490136731,/Users/javierdominguezsegura/Academics/College/Courses/NLP/NASDAQ-NLP/dataset/Transcripts/INTC/2018-Apr-26-INTC.txt,2018,Q2
858,INTC,2018-Jul-26-INTC.txt,2018-07-27,0.000400045093994,1.3574611838380923,101,-0.0477948123143675,-0.038953088312751,-0.066450231861093,0.0045767067200182,0.0113639451170829,0.0067872383970646,/Users/javierdominguezsegura/Academics/College/Courses/NLP/NASDAQ-NLP/dataset/Transcripts/INTC/2018-Jul-26-INTC.txt,2018,Q3
859,INTC,2018-Oct-25-INTC.txt,2018-10-26,-0.002511601700031,1.4565234622752494,101,0.0836592022152218,0.069896231425475,0.0637341310410074,0.0278292076902865,0.0253640676888398,-0.0024651400014467,/Users/javierdominguezsegura/Academics/College/Courses/NLP/NASDAQ-NLP/dataset/Transcripts/INTC/2018-Oct-25-INTC.txt,2018,Q4
860,INTC,2019-Jan-24-INTC.txt,2019-01-25,0.0012109085157759,0.9616536666987257,101,-0.0658983364131971,-0.0638632441892644,-0.0682992986347726,0.0164015195009678,0.0155830762884256,-0.0008184432125422,/Users/javierdominguezsegura/Academics/College/Courses/NLP/NASDAQ-NLP/dataset/Transcripts/INTC/2019-Jan-24-INTC.txt,2019,Q1
861,INTC,2019-Apr-25-INTC.txt,2019-04-26,0.0005962899991238,0.986114351781285,101,-0.1215211394816678,-0.115966294602817,-0.0938779807025389,0.0130469287165557,0.0199994639781391,0.0069525352615834,/Users/javierdominguezsegura/Academics/College/Courses/NLP/NASDAQ-NLP/dataset/Transcripts/INTC/2019-Apr-25-INTC.txt,2019,Q2
862,INTC,2019-Jul-25-INTC.txt,2019-07-26,-0.000947020404647,0.9977088993388956,101,0.002114712971659,-0.019447361204013,-0.0210822408350958,0.0149912826680964,0.017155208700014,0.0021639260319176,/Users/javierdominguezsegura/Academics/College/Courses/NLP/NASDAQ-NLP/dataset/Transcripts/INTC/2019-Jul-25-INTC.txt,2019,Q3
863,INTC,2019-Oct-24-INTC.txt,2019-10-25,0.0002941179287177,1.0646375169959494,101,0.0675552340421906,0.0669757316867703,0.0732388283126526,0.0123244174967575,0.0071690506808105,-0.0051553668159469,/Users/javierdominguezsegura/Academics/College/Courses/NLP/NASDAQ-NLP/dataset/Transcripts/INTC/2019-Oct-24-INTC.txt,2019,Q4
864,INTC,2020-Jan-23-INTC.txt,2020-01-24,0.0008455027707225,1.1730976226380991,101,0.0720807814853128,0.063064128158657,0.0914131913008374,0.0130510318923697,0.0241527875068996,0.0111017556145299,/Users/javierdominguezsegura/Academics/College/Courses/NLP/NASDAQ-NLP/dataset/Transcripts/INTC/2020-Jan-23-INTC.txt,2020,Q1
865,INTC,2020-Apr-23-INTC.txt,2020-04-24,0.0010688534259327,1.3055261247771026,101,-0.0308089915891179,-0.0213896499366686,-0.0188231636738599,0.036788398590005,0.0256971077158103,-0.0110912908741946,/Users/javierdominguezsegura/Academics/College/Courses/NLP/NASDAQ-NLP/dataset/Transcripts/INTC/2020-Apr-23-INTC.txt,2020,Q2
866,INTC,2020-Jul-23-INTC.txt,2020-07-24,-0.0015469395576295,1.271361617294629,101,-0.1887812505375505,-0.2171298258073686,-0.1489313425127403,0.0121570316999131,0.0126091234183919,0.0004520917184787,/Users/javierdominguezsegura/Academics/College/Courses/NLP/NASDAQ-NLP/dataset/Transcripts/INTC/2020-Jul-23-INTC.txt,2020,Q3
895,LULU,2017_Q4_lulu_processed.txt,2018-01-31,0.0020091316894503,0.5572113358232705,101,-0.0110768310122649,-0.0009234815732756,-0.0186655097994921,0.0108561294865297,0.0275677730899008,0.016711643603371,/Users/javierdominguezsegura/Downloads/archive (1)/cleaned_ECTs_dataset/Lululemon/2017_Q4_lulu_processed.txt,2017,Q4
896,LULU,2018_Q1_lulu_processed.txt,2018-04-30,0.0035865347333171,0.5827374255842579,101,-0.0027544751642593,-0.0048414943138284,0.0071475184266068,0.0058689709758485,0.0168245808996678,0.0109556099238193,/Users/javierdominguezsegura/Downloads/archive (1)/cleaned_ECTs_dataset/Lululemon/2018_Q1_lulu_processed.txt,2018,Q1
897,LULU,2018_Q2_lulu_processed.txt,2018-07-31,0.0044501846150109,0.6743575769783787,101,-0.0013719258049896,0.0260154028541403,0.0011966070646366,0.0155270532389929,0.0118195239598907,-0.0037075292791021,/Users/javierdominguezsegura/Downloads/archive (1)/cleaned_ECTs_dataset/Lululemon/2018_Q2_lulu_processed.txt,2018,Q2
898,LULU,2018_Q3_lulu_processed.txt,2018-10-31,0.004108998961467,1.388841784441322,101,-0.0459613448690741,-0.0481143262185646,-0.0419332607023566,0.0268905345873899,0.0187815619940022,-0.0081089725933877,/Users/javierdominguezsegura/Downloads/archive (1)/cleaned_ECTs_dataset/Lululemon/2018_Q3_lulu_processed.txt,2018,Q3
899,LULU,2018_Q4_lulu_processed.txt,2019-01-31,0.0021060298205816,1.20005682399376,101,-0.0345667252580247,-0.0562461057890417,-0.0239721407468079,0.0201122580903616,0.0181049109533997,-0.0020073471369618,/Users/javierdominguezsegura/Downloads/archive (1)/cleaned_ECTs_dataset/Lululemon/2018_Q4_lulu_processed.txt,2018,Q4
900,LULU,2019_Q1_lulu_processed.txt,2019-04-30,0.0011195641793692,1.1319314326046763,101,0.0030400191840566,0.0015384893111366,0.0016186394140365,0.010843981505091,0.015788410128043,0.004944428622952,/Users/javierdominguezsegura/Downloads/archive (1)/cleaned_ECTs_dataset/Lululemon/2019_Q1_lulu_processed.txt,2019,Q1
901,LULU,2019_Q2_lulu_processed.txt,2019-07-31,0.0013642361187825,1.039688092892616,101,-0.0152732300280636,-0.0283047809803195,0.0074287287330919,0.0074955023942316,0.0242912881735138,0.0167957857792821,/Users/javierdominguezsegura/Downloads/archive (1)/cleaned_ECTs_dataset/Lululemon/2019_Q2_lulu_processed.txt,2019,Q2
902,LULU,2019_Q3_lulu_processed.txt,2019-10-31,0.0010886905547874,1.028627921931846,101,-0.0376045308474421,-0.077571918756294,-0.0073247877726214,0.0072814396743954,0.0166322461423162,0.0093508064679207,/Users/javierdominguezsegura/Downloads/archive (1)/cleaned_ECTs_dataset/Lululemon/2019_Q3_lulu_processed.txt,2019,Q3
903,LULU,2019_Q4_lulu_processed.txt,2020-01-31,0.001438425612913,0.7365803772744873,101,0.0101781334873589,-0.0212374828162198,-0.0076837792387277,0.0105708516891661,0.0127126826315375,0.0021418309423714,/Users/javierdominguezsegura/Downloads/archive (1)/cleaned_ECTs_dataset/Lululemon/2019_Q4_lulu_processed.txt,2019,Q4
904,LULU,2020_Q1_lulu_processed.txt,2020-04-30,0.0012206198210138,1.095931577052324,101,-0.024201699398205,-0.0546888354410687,-0.0366337562010076,0.0401391839717773,0.0315235714593074,-0.0086156125124698,/Users/javierdominguezsegura/Downloads/archive (1)/cleaned_ECTs_dataset/Lululemon/2020_Q1_lulu_processed.txt,2020,Q1
905,LULU,2020_Q2_lulu_processed.txt,2020-07-31,0.0018932798925181,1.1055399857740424,101,-0.0212585720664224,0.0013267426056978,-0.0123716427351209,0.0192443511217174,0.01784083977579,-0.0014035113459273,/Users/javierdominguezsegura/Downloads/archive (1)/cleaned_ECTs_dataset/Lululemon/2020_Q2_lulu_processed.txt,2020,Q2
906,LULU,2020_Q3_lulu_processed.txt,2020-11-02,0.0013471081855412,0.9340745859267484,101,0.0010570809139079,-0.0013618541355898,-0.0171567560812204,0.018921028650005,0.0312109245013677,0.0122898958513627,/Users/javierdominguezsegura/Downloads/archive (1)/cleaned_ECTs_dataset/Lululemon/2020_Q3_lulu_processed.txt,2020,Q3
907,LULU,2020_Q4_lulu_processed.txt,2021-02-01,-0.0010656512797497,0.9128450560989294,101,0.0105458924576736,-0.0132590283440498,-0.0075962860217281,0.017419242328637,0.0188946234486855,0.0014753811200484,/Users/javierdominguezsegura/Downloads/archive (1)/cleaned_ECTs_dataset/Lululemon/2020_Q4_lulu_processed.txt,2020,Q4
908,LULU,2021_Q1_lulu_processed.txt,2021-04-30,-0.0023276574634572,0.8563410072827369,101,-0.005835326261632,-0.0217452090634783,-0.0126346010090237,0.0180704485120276,0.0238721506443693,0.0058017021323416,/Users/javierdominguezsegura/Downloads/archive (1)/cleaned_ECTs_dataset/Lululemon/2021_Q1_lulu_processed.txt,2021,Q1
909,LULU,2021_Q2_lulu_processed.txt,2021-08-02,0.0004951049340875,0.9280055743313148,101,0.0116757279611517,0.0190949967033467,0.0051715288225624,0.0171369485107492,0.007905393817785,-0.0092315546929642,/Users/javierdominguezsegura/Downloads/archive (1)/cleaned_ECTs_dataset/Lululemon/2021_Q2_lulu_processed.txt,2021,Q2
910,LULU,2021_Q3_lulu_processed.txt,2021-11-01,0.0013611637831443,1.1695170849624663,101,-0.0168551724004,-0.0212731153987206,-0.0240209633625846,0.0184870278533349,0.0145454043296484,-0.0039416235236865,/Users/javierdominguezsegura/Downloads/archive (1)/cleaned_ECTs_dataset/Lululemon/2021_Q3_lulu_processed.txt,2021,Q3
911,LULU,2021_Q4_lulu_processed.txt,2022-01-31,-0.0007867963999016,1.0467511029187555,101,0.0480096167837101,0.0419313515029225,0.0216163232952337,0.0249163275726792,0.0293195779167917,0.0044032503441125,/Users/javierdominguezsegura/Downloads/archive (1)/cleaned_ECTs_dataset/Lululemon/2021_Q4_lulu_processed.txt,2021,Q4
912,LULU,2022_Q1_lulu_processed.txt,2022-05-02,-0.0009555237743014,1.1155482169344686,101,-0.0155036491221459,-0.0260820283139131,0.0002538560758348,0.0300919650247074,0.0458090635772167,0.0157170985525093,/Users/javierdominguezsegura/Downloads/archive (1)/cleaned_ECTs_dataset/Lululemon/2022_Q1_lulu_processed.txt,2022,Q1
913,LULU,2022_Q2_lulu_processed.txt,2022-08-01,0.0006342575091096,1.1855461354326362,101,-0.012766199829592,-0.0147053774085172,-0.0001672939522741,0.030793400685757,0.0222811813482719,-0.0085122193374851,/Users/javierdominguezsegura/Downloads/archive (1)/cleaned_ECTs_dataset/Lululemon/2022_Q2_lulu_processed.txt,2022,Q2
914,LULU,2022_Q3_lulu_processed.txt,2022-10-31,0.001123824623981,1.2441140701189364,101,0.0272936389311973,0.0515272457121706,0.0133891534062388,0.026393504786019,0.038808063317874,0.012414558531855,/Users/javierdominguezsegura/Downloads/archive (1)/cleaned_ECTs_dataset/Lululemon/2022_Q3_lulu_processed.txt,2022,Q3
915,LULU,2022_Q4_lulu_processed.txt,2023-01-31,0.0023963662751782,1.081885049985004,101,-0.001598315265905,-0.0124217910627186,-0.006330240090595,0.0189119523134773,0.021544421765939,0.0026324694524616,/Users/javierdominguezsegura/Downloads/archive (1)/cleaned_ECTs_dataset/Lululemon/2022_Q4_lulu_processed.txt,2022,Q4
916,LULU,2023_Q1_lulu_processed.txt,2023-05-01,-6.315797872733893e-05,1.0094388643644594,101,0.0145035020595908,0.0276451048979606,0.0145356363375042,0.0115322179293739,0.0073432460156445,-0.0041889719137293,/Users/javierdominguezsegura/Downloads/archive (1)/cleaned_ECTs_dataset/Lululemon/2023_Q1_lulu_processed.txt,2023,Q1
917,LULU,2024_Q1_lulu_processed.txt,2024-04-30,-0.0021219612188993,0.8655825556824904,101,-0.0016731872279566,-0.0254807611062684,0.0105050438292394,0.0110762397665427,0.0140909849563945,0.0030147451898517,/Users/javierdominguezsegura/Downloads/archive (1)/cleaned_ECTs_dataset/Lululemon/2024_Q1_lulu_processed.txt,2024,Q1
918,LULU,2024_Q2_lulu_processed.txt,2024-07-31,-0.0045216648496705,0.4831976232812895,101,-0.0193291435686383,-0.0453627461841887,0.0021759339448882,0.0341115299639685,0.0253115159283864,-0.0088000140355821,/Users/javierdominguezsegura/Downloads/archive (1)/cleaned_ECTs_dataset/Lululemon/2024_Q2_lulu_processed.txt,2024,Q2
919,LULU,2024_Q3_lulu_processed.txt,2024-10-31,-0.0033560413811972,0.6989174754678031,101,0.0789119695555945,0.0719487505062513,0.0030340615919678,0.0201868461945022,0.0290321385348462,0.0088452923403439,/Users/javierdominguezsegura/Downloads/archive (1)/cleaned_ECTs_dataset/Lululemon/2024_Q3_lulu_processed.txt,2024,Q3
920,LULU,2025_Q1_lulu_processed.txt,2025-04-30,-0.0006735920948529,0.7663862218262835,101,-0.0194672485206952,0.0129212190911723,-0.000512089663265,0.0168603197098193,0.0311717406654271,0.0143114209556078,/Users/javierdominguezsegura/Downloads/archive (1)/cleaned_ECTs_dataset/Lululemon/2025_Q1_lulu_processed.txt,2025,Q1
921,LULU,2025_Q2_lulu_processed.txt,2025-07-31,-0.004905249221832,0.902364536546,101,-0.0343775531287265,-0.0272102065595671,-0.0235557075265621,0.0194905577201982,0.0260731113417587,0.0065825536215604,/Users/javierdominguezsegura/Downloads/archive (1)/cleaned_ECTs_dataset/Lululemon/2025_Q2_lulu_processed.txt,2025,Q2
989,META,2017_Q4_meta_processed.txt,2018-01-31,-0.0007519676769258,1.450635787619185,101,0.0367002163773505,0.0594852710164967,-0.0022409749750081,0.0144536425554775,0.0322705449827959,0.0178169024273183,/Users/javierdominguezsegura/Downloads/archive (1)/cleaned_ECTs_dataset/META/2017_Q4_meta_processed.txt,2017,Q4
990,META,2018_Q1_meta_processed.txt,2018-04-30,-0.0015638360162277,1.1821496928217767,101,0.0028911202343012,0.0141501434885891,0.0012922334268249,0.0336894896085125,0.0093889800345231,-0.0243005095739894,/Users/javierdominguezsegura/Downloads/archive (1)/cleaned_ECTs_dataset/META/2018_Q1_meta_processed.txt,2018,Q1
991,META,2018_Q2_meta_processed.txt,2018-07-31,-3.119911025895552e-06,1.226149128378205,101,-0.0088862361064562,0.009970460290555,0.0021731800304122,0.0618237542717435,0.0186786843329328,-0.0431450699388107,/Users/javierdominguezsegura/Downloads/archive (1)/cleaned_ECTs_dataset/META/2018_Q2_meta_processed.txt,2018,Q2
992,META,2018_Q3_meta_processed.txt,2018-10-31,-0.002405947552137,1.6964894303677918,101,-0.0212887996804755,-0.0127335219530274,0.0063284008039045,0.0279536703448001,0.0145093030926625,-0.0134443672521375,/Users/javierdominguezsegura/Downloads/archive (1)/cleaned_ECTs_dataset/META/2018_Q3_meta_processed.txt,2018,Q3
993,META,2018_Q4_meta_processed.txt,2019-01-31,-0.0010881605130174,1.0803902970144634,101,0.0922730737318089,0.1066329194294536,0.0944126862507056,0.0212344838243063,0.0123034674069497,-0.0089310164173565,/Users/javierdominguezsegura/Downloads/archive (1)/cleaned_ECTs_dataset/META/2018_Q4_meta_processed.txt,2018,Q4
994,META,2019_Q1_meta_processed.txt,2019-04-30,0.0006545198588523,1.0965570075271078,101,0.0048188727358473,0.0005835774682824,0.0011893626259142,0.0200553476974875,0.0135979105887966,-0.0064574371086909,/Users/javierdominguezsegura/Downloads/archive (1)/cleaned_ECTs_dataset/META/2019_Q1_meta_processed.txt,2019,Q1
995,META,2019_Q2_meta_processed.txt,2019-07-31,0.000523599048282,0.974126269369608,101,-0.0038087202383557,-0.0159792155990998,-0.0032238815157035,0.0128222124992139,0.0237693816819979,0.010947169182784,/Users/javierdominguezsegura/Downloads/archive (1)/cleaned_ECTs_dataset/META/2019_Q2_meta_processed.txt,2019,Q2
996,META,2019_Q3_meta_processed.txt,2019-10-31,-0.0003351701160005,1.194102275306573,101,0.0171396612755383,0.0145638962902136,0.0200671006645868,0.0187290449857603,0.0111550733909665,-0.0075739715947938,/Users/javierdominguezsegura/Downloads/archive (1)/cleaned_ECTs_dataset/META/2019_Q3_meta_processed.txt,2019,Q3
997,META,2019_Q4_meta_processed.txt,2020-01-31,-0.0003935814809961,1.1645232078417114,101,-0.0213386906880819,-0.0210363414849287,-0.0174405474007597,0.0227254462231536,0.014189396721497,-0.0085360495016565,/Users/javierdominguezsegura/Downloads/archive (1)/cleaned_ECTs_dataset/META/2019_Q4_meta_processed.txt,2019,Q4
998,META,2020_Q1_meta_processed.txt,2020-04-30,-0.0005407018217535,0.9806844350999036,101,0.077500288896103,0.0790495586800616,0.0574823689305652,0.0352159512808747,0.0130707326801862,-0.0221452186006884,/Users/javierdominguezsegura/Downloads/archive (1)/cleaned_ECTs_dataset/META/2020_Q1_meta_processed.txt,2020,Q1
999,META,2020_Q2_meta_processed.txt,2020-07-31,0.0003959114081872,1.0019734766233974,101,0.044624989679254,0.0237700881667577,0.0664511254208046,0.0148717257215473,0.0251857450782824,0.010314019356735,/Users/javierdominguezsegura/Downloads/archive (1)/cleaned_ECTs_dataset/META/2020_Q2_meta_processed.txt,2020,Q2
1000,META,2020_Q3_meta_processed.txt,2020-11-02,-0.0001607829192105,1.1479930870149555,101,-0.0173597587131178,0.0176103544865489,-0.0113321237653243,0.0392010344897123,0.0344343355686418,-0.0047666989210704,/Users/javierdominguezsegura/Downloads/archive (1)/cleaned_ECTs_dataset/META/2020_Q3_meta_processed.txt,2020,Q3
1001,META,2020_Q4_meta_processed.txt,2021-02-01,-0.0016433135350813,1.2631624790670797,101,-0.0150036461192092,-0.0292365772487569,-0.0162639510138196,0.0252294856131586,0.0083931107577143,-0.0168363748554443,/Users/javierdominguezsegura/Downloads/archive (1)/cleaned_ECTs_dataset/META/2020_Q4_meta_processed.txt,2020,Q4
1002,META,2021_Q1_meta_processed.txt,2021-04-30,-0.0010162452567601,1.0019751885677466,101,-0.0057252988088412,-0.0046467305983841,-0.0038994693412642,0.0252115884968964,0.0202603793246716,-0.0049512091722248,/Users/javierdominguezsegura/Downloads/archive (1)/cleaned_ECTs_dataset/META/2021_Q1_meta_processed.txt,2021,Q1
1003,META,2021_Q2_meta_processed.txt,2021-08-02,0.0024732591903624,1.0046329444948856,101,-0.0252366377995502,-0.0061320351659218,-0.0152564948174944,0.0244736008682841,0.0083481836186248,-0.0161254172496593,/Users/javierdominguezsegura/Downloads/archive (1)/cleaned_ECTs_dataset/META/2021_Q2_meta_processed.txt,2021,Q2
1004,META,2021_Q3_meta_processed.txt,2021-11-01,-7.298783885693766e-05,1.243390825554764,101,0.0020943794297659,0.0027931984482602,0.0120589108042081,0.0264801422570571,0.0180848318172509,-0.0083953104398061,/Users/javierdominguezsegura/Downloads/archive (1)/cleaned_ECTs_dataset/META/2021_Q3_meta_processed.txt,2021,Q3
1005,META,2021_Q4_meta_processed.txt,2022-01-31,-0.0011800617599439,1.1111251363395154,101,0.0128171337235414,-0.2002077154197832,0.0015940737622085,0.024340627761619,0.0867906598747563,0.0624500321131372,/Users/javierdominguezsegura/Downloads/archive (1)/cleaned_ECTs_dataset/META/2021_Q4_meta_processed.txt,2021,Q4
1006,META,2022_Q1_meta_processed.txt,2022-05-02,-0.0020097275787213,1.4426550334174204,101,0.0347115754069113,0.0506359804143533,0.0316315958081881,0.0708511820760612,0.0378720613238796,-0.0329791207521815,/Users/javierdominguezsegura/Downloads/archive (1)/cleaned_ECTs_dataset/META/2022_Q1_meta_processed.txt,2022,Q1
1007,META,2022_Q2_meta_processed.txt,2022-08-01,-0.0003728528969223,1.3497807540410778,101,0.0121596518524031,0.0366425827329725,0.0079545435742592,0.0467483777345427,0.0257401089511392,-0.0210082687834034,/Users/javierdominguezsegura/Downloads/archive (1)/cleaned_ECTs_dataset/META/2022_Q2_meta_processed.txt,2022,Q2
1008,META,2022_Q3_meta_processed.txt,2022-10-31,-0.0021854006290565,1.363457297109697,101,-0.0085082101564012,-0.0017037599455256,-0.0446648481046185,0.0861203441492308,0.0431377642836637,-0.042982579865567,/Users/javierdominguezsegura/Downloads/archive (1)/cleaned_ECTs_dataset/META/2022_Q3_meta_processed.txt,2022,Q3
1009,META,2022_Q4_meta_processed.txt,2023-01-31,-0.0002742951614413,1.369992878012573,101,-0.0089493189683959,0.1897465780837346,-0.0096724460814933,0.024629731212027,0.0785930930414591,0.0539633618294321,/Users/javierdominguezsegura/Downloads/archive (1)/cleaned_ECTs_dataset/META/2022_Q4_meta_processed.txt,2022,Q4
1010,META,2023_Q1_meta_processed.txt,2023-05-01,0.0066042478920653,1.4643523418115765,101,2.8853156596279905e-06,-0.0233867729534086,0.0069709280228378,0.0468026231321991,0.011669576526633,-0.035133046605566,/Users/javierdominguezsegura/Downloads/archive (1)/cleaned_ECTs_dataset/META/2023_Q1_meta_processed.txt,2023,Q1
1011,META,2023_Q2_meta_processed.txt,2023-07-31,0.0024257413633654,1.4716726328074607,101,-0.0097359908469675,-0.0107472728820863,-0.0265816908292878,0.0273443301922752,0.0158130080031689,-0.0115313221891062,/Users/javierdominguezsegura/Downloads/archive (1)/cleaned_ECTs_dataset/META/2023_Q2_meta_processed.txt,2023,Q2
1012,META,2023_Q3_meta_processed.txt,2023-10-31,0.0016845027660319,1.348936219041322,101,-0.0014245090260324,-0.0386510123329183,-0.0127911757542747,0.024210851157861,0.0124533463232318,-0.0117575048346291,/Users/javierdominguezsegura/Downloads/archive (1)/cleaned_ECTs_dataset/META/2023_Q3_meta_processed.txt,2023,Q3
1013,META,2023_Q4_meta_processed.txt,2024-01-31,0.0002644985451139,1.3542143886332534,101,-0.0008805715273366,0.1481107264217881,0.0051400520188648,0.0091490858649928,0.0669291045800798,0.057780018715087,/Users/javierdominguezsegura/Downloads/archive (1)/cleaned_ECTs_dataset/META/2023_Q4_meta_processed.txt,2023,Q4
1014,META,2024_Q1_meta_processed.txt,2024-04-30,0.0018119571492236,1.6119440471363946,101,0.0498730569359119,0.0187785461395209,0.0253283488119326,0.0377929351067949,0.0132311534275292,-0.0245617816792657,/Users/javierdominguezsegura/Downloads/archive (1)/cleaned_ECTs_dataset/META/2024_Q1_meta_processed.txt,2024,Q1
1015,META,2024_Q2_meta_processed.txt,2024-07-31,-0.0005053017471081,1.2565469465672567,101,0.0702024806787547,0.1001984808077871,-0.0074853509761372,0.0308527137484243,0.0267865555757701,-0.0040661581726542,/Users/javierdominguezsegura/Downloads/archive (1)/cleaned_ECTs_dataset/META/2024_Q2_meta_processed.txt,2024,Q2
1016,MSFT,2007_Q1_msft_processed.txt,2007-04-30,-0.0005618059959712,0.9088011615538798,101,0.0196087913022838,0.0272489329507371,0.0060005175793546,0.0121991571651803,0.0085555001608887,-0.0036436570042916,/Users/javierdominguezsegura/Downloads/archive (1)/cleaned_ECTs_dataset/Microsoft/2007_Q1_msft_processed.txt,2007,Q1
1017,MSFT,2016-Jan-28-MSFT.txt,2016-01-29,0.002054038109541,1.1654103120940669,101,0.0178349743956637,-0.0040126678681125,0.0284083805465379,0.0224931013724403,0.0162622430334632,-0.006230858338977,/Users/javierdominguezsegura/Academics/College/Courses/NLP/NASDAQ-NLP/dataset/Transcripts/MSFT/2016-Jan-28-MSFT.txt,2016,Q1
1018,MSFT,2016-Apr-21-MSFT.txt,2016-04-22,0.0009257540721374,1.08509248439909,101,-0.056178586161283,-0.0733625205633842,-0.0639350783435958,0.008183626983465,0.0116552892838778,0.0034716623004127,/Users/javierdominguezsegura/Academics/College/Courses/NLP/NASDAQ-NLP/dataset/Transcripts/MSFT/2016-Apr-21-MSFT.txt,2016,Q2
1019,MSFT,2016-Jul-19-MSFT.txt,2016-07-20,-0.0007463534699294,1.1910361414564394,101,0.0437273009537347,0.0562743441323074,0.0411972731905885,0.0088356026215906,0.006566059084308,-0.0022695435372826,/Users/javierdominguezsegura/Academics/College/Courses/NLP/NASDAQ-NLP/dataset/Transcripts/MSFT/2016-Jul-19-MSFT.txt,2016,Q3
1020,MSFT,2016-Oct-20-MSFT.txt,2016-10-21,0.0004271671823,1.0300047452954406,101,0.0503709872049956,0.0550358973183224,0.0386093362950581,0.0067996128713851,0.0090298630512444,0.0022302501798593,/Users/javierdominguezsegura/Academics/College/Courses/NLP/NASDAQ-NLP/dataset/Transcripts/MSFT/2016-Oct-20-MSFT.txt,2016,Q4
1021,MSFT,2017-Jan-26-MSFT.txt,2017-01-27,0.0005430353317932,1.04608728586323,101,0.020189709200124,-0.0102085706882024,0.0219159743712862,0.0058529165236113,0.0081828861538929,0.0023299696302815,/Users/javierdominguezsegura/Academics/College/Courses/NLP/NASDAQ-NLP/dataset/Transcripts/MSFT/2017-Jan-26-MSFT.txt,2017,Q1
1022,MSFT,2017-Apr-27-MSFT.txt,2017-04-28,-0.0003079798648276,0.9970882534065112,101,0.0102421648221212,0.0092146797757368,0.0033101970681853,0.0075307627335474,0.0066490284299297,-0.0008817343036176,/Users/javierdominguezsegura/Academics/College/Courses/NLP/NASDAQ-NLP/dataset/Transcripts/MSFT/2017-Apr-27-MSFT.txt,2017,Q2
1023,MSFT,2017-Jul-20-MSFT.txt,2017-07-21,-0.000173805491069,0.9975657060506952,101,-0.011270956045802,-0.0066514711959053,-0.0052684812056053,0.0056074301358165,0.005766017075157,0.0001585869393405,/Users/javierdominguezsegura/Academics/College/Courses/NLP/NASDAQ-NLP/dataset/Transcripts/MSFT/2017-Jul-20-MSFT.txt,2017,Q3
1024,MSFT,2017-Oct-26-MSFT.txt,2017-10-27,0.0002288355436563,1.0731528089777562,101,0.0413350929680817,0.0295920113701229,0.04024089113329,0.0039876775484965,0.0053079811613354,0.0013203036128388,/Users/javierdominguezsegura/Academics/College/Courses/NLP/NASDAQ-NLP/dataset/Transcripts/MSFT/2017-Oct-26-MSFT.txt,2017,Q4
1025,MSFT,2018-Jan-31-MSFT.txt,2018-02-01,0.0006102588332005,1.1958559520868255,101,-0.0078287065073286,0.0073004704250705,-0.0043704169227746,0.0114927874601927,0.0316797720978774,0.0201869846376847,/Users/javierdominguezsegura/Academics/College/Courses/NLP/NASDAQ-NLP/dataset/Transcripts/MSFT/2018-Jan-31-MSFT.txt,2018,Q1
1026,MSFT,2018-Apr-26-MSFT.txt,2018-04-27,0.0004082671019081,1.3375912139182504,101,0.0015761413013172,-0.0057051272734041,0.0159310181646767,0.0141754780749004,0.0132823803687124,-0.0008930977061879,/Users/javierdominguezsegura/Academics/College/Courses/NLP/NASDAQ-NLP/dataset/Transcripts/MSFT/2018-Apr-26-MSFT.txt,2018,Q2
1027,MSFT,2018-Jul-19-MSFT.txt,2018-07-20,0.0005106304795175,1.3151656891378676,101,0.0301003929583895,0.0404942872269882,0.0182579582549562,0.0099043825723375,0.0156631600681369,0.0057587774957993,/Users/javierdominguezsegura/Academics/College/Courses/NLP/NASDAQ-NLP/dataset/Transcripts/MSFT/2018-Jul-19-MSFT.txt,2018,Q3
1028,MSFT,2018_Q2_msft_processed.txt,2018-07-31,0.0002411737202558,1.308423528196708,101,-0.0050797970052124,-0.0068135945051665,-0.0006693997369374,0.0168256366415878,0.0066044505909886,-0.0102211860505992,/Users/javierdominguezsegura/Downloads/archive (1)/cleaned_ECTs_dataset/Microsoft/2018_Q2_msft_processed.txt,2018,Q2
1029,MSFT,2018-Oct-24-MSFT.txt,2018-10-25,0.0006535608761592,1.1779690607620483,101,0.0342996165002227,0.0033712787752404,0.023000372735461,0.0257083828359438,0.0199007096082367,-0.005807673227707,/Users/javierdominguezsegura/Academics/College/Courses/NLP/NASDAQ-NLP/dataset/Transcripts/MSFT/2018-Oct-24-MSFT.txt,2018,Q4
1030,MSFT,2018_Q3_msft_processed.txt,2018-10-31,0.0007793107105304,1.1706778836936351,101,-0.0243147133774503,0.0057239114880517,0.0053330367671328,0.0289634497727892,0.0181623022216895,-0.0108011475510996,/Users/javierdominguezsegura/Downloads/archive (1)/cleaned_ECTs_dataset/Microsoft/2018_Q3_msft_processed.txt,2018,Q3
1031,MSFT,2018_Q4_msft_processed.txt,2019-01-31,0.0013551528990238,1.1730132298223162,101,-0.0500736021504796,-0.0322065112382102,-0.0357971134450432,0.0174290565503279,0.0136018677650229,-0.0038271887853049,/Users/javierdominguezsegura/Downloads/archive (1)/cleaned_ECTs_dataset/Microsoft/2018_Q4_msft_processed.txt,2018,Q4
1032,MSFT,2019-Apr-24-MSFT.txt,2019-04-25,0.0004188955983378,1.09882181974854,101,0.0319968244077481,0.0434945513526989,0.0304375754838654,0.0059320600952793,0.0129552630595328,0.0070232029642535,/Users/javierdominguezsegura/Academics/College/Courses/NLP/NASDAQ-NLP/dataset/Transcripts/MSFT/2019-Apr-24-MSFT.txt,2019,Q2
1033,MSFT,2019_Q1_msft_processed.txt,2019-04-30,0.0007129412592942,1.1233623011331602,101,-0.0003610493444054,-0.0095202161387873,0.0148303370208939,0.0109405907730429,0.016641239604255,0.0057006488312121,/Users/javierdominguezsegura/Downloads/archive (1)/cleaned_ECTs_dataset/Microsoft/2019_Q1_msft_processed.txt,2019,Q1
1034,MSFT,2019-Jul-18-MSFT.txt,2019-07-19,0.00129700153488,1.079308496932124,101,0.0124713511661644,0.0109697732970071,0.0081580393425975,0.0063013448143805,0.0129805188444209,0.0066791740300403,/Users/javierdominguezsegura/Academics/College/Courses/NLP/NASDAQ-NLP/dataset/Transcripts/MSFT/2019-Jul-18-MSFT.txt,2019,Q3
1035,MSFT,2019_Q2_msft_processed.txt,2019-07-31,0.0016108307397628,1.0689746943377287,101,0.0019375726662773,0.0072956232879888,-0.0179943011577381,0.0067547744885121,0.0213132549333013,0.0145584804447892,/Users/javierdominguezsegura/Downloads/archive (1)/cleaned_ECTs_dataset/Microsoft/2019_Q2_msft_processed.txt,2019,Q2
1036,MSFT,2019-Oct-23-MSFT.txt,2019-10-24,0.0010522646929873,1.063629746384105,101,0.0071194971003706,0.015753832162954,0.0099745293795681,0.0102140599279701,0.0100441357581792,-0.0001699241697908,/Users/javierdominguezsegura/Academics/College/Courses/NLP/NASDAQ-NLP/dataset/Transcripts/MSFT/2019-Oct-23-MSFT.txt,2019,Q4
1037,MSFT,2019_Q3_msft_processed.txt,2019-10-31,0.0008413889188495,1.0690550236580247,101,-0.0184441582790378,-0.0211277845039032,-0.0079203713338401,0.0140836332391096,0.0041703242456537,-0.0099133089934558,/Users/javierdominguezsegura/Downloads/archive (1)/cleaned_ECTs_dataset/Microsoft/2019_Q3_msft_processed.txt,2019,Q3
1038,MSFT,2020-Jan-29-MSFT.txt,2020-01-30,0.0001971625975847,1.073567526962293,101,0.0273888246054514,0.0473983754074855,0.0252592806614153,0.0122820336665518,0.0187267304211421,0.0064446967545903,/Users/javierdominguezsegura/Academics/College/Courses/NLP/NASDAQ-NLP/dataset/Transcripts/MSFT/2020-Jan-29-MSFT.txt,2020,Q1
1039,MSFT,2019_Q4_msft_processed.txt,2020-01-31,0.0002133971603585,1.0732324598218068,101,0.0119111642369272,0.0160468948868957,0.0021079769033208,0.0145499372095306,0.0172017013801042,0.0026517641705736,/Users/javierdominguezsegura/Downloads/archive (1)/cleaned_ECTs_dataset/Microsoft/2019_Q4_msft_processed.txt,2019,Q4
1040,MSFT,2020_Q1_msft_processed.txt,2020-04-30,0.0022994027406054,1.1903091035468905,101,0.0210089708870413,0.02352893988949,0.0110918376234626,0.0282951053292727,0.0164212917103158,-0.0118738136189569,/Users/javierdominguezsegura/Downloads/archive (1)/cleaned_ECTs_dataset/Microsoft/2020_Q1_msft_processed.txt,2020,Q1
1041,MSFT,2020-Jul-22-MSFT.txt,2020-07-23,0.0008084285369966,1.1495212492421143,101,-0.0141643390442727,-0.0166511364064898,-0.0180282404415136,0.0202901324601396,0.0199910152458888,-0.0002991172142507,/Users/javierdominguezsegura/Academics/College/Courses/NLP/NASDAQ-NLP/dataset/Transcripts/MSFT/2020-Jul-22-MSFT.txt,2020,Q3
1042,MSFT,2020_Q2_msft_processed.txt,2020-07-31,0.0005333590428359,1.14454368047238,101,0.0268173895015961,-0.0009136910764341,-0.0121109862035586,0.0224443624292858,0.0251362226990917,0.0026918602698058,/Users/javierdominguezsegura/Downloads/archive (1)/cleaned_ECTs_dataset/Microsoft/2020_Q2_msft_processed.txt,2020,Q2
1043,MSFT,2020_Q3_msft_processed.txt,2020-11-02,-0.0010995830204197,1.1502154666490378,101,-0.0043841435261209,0.0038276543997866,-0.0044429380428931,0.0203972003783557,0.0251006557510233,0.0047034553726675,/Users/javierdominguezsegura/Downloads/archive (1)/cleaned_ECTs_dataset/Microsoft/2020_Q3_msft_processed.txt,2020,Q3
1044,MSFT,2020_Q4_msft_processed.txt,2021-02-01,-0.0012687625214453,1.1698589550277834,101,-0.0129477157459231,-0.0140914530333134,0.0046435762596001,0.0177971837289032,0.0060147266962064,-0.0117824570326968,/Users/javierdominguezsegura/Downloads/archive (1)/cleaned_ECTs_dataset/Microsoft/2020_Q4_msft_processed.txt,2020,Q4
1045,MSFT,2021_Q1_msft_processed.txt,2021-04-30,-0.0001162084871356,0.8841890516960265,101,0.0094611145750171,0.0081671105615138,0.0063355300362819,0.0123638487112317,0.0170170347819637,0.004653186070732,/Users/javierdominguezsegura/Downloads/archive (1)/cleaned_ECTs_dataset/Microsoft/2021_Q1_msft_processed.txt,2021,Q1
1046,MSFT,2021_Q2_msft_processed.txt,2021-08-02,0.0010018014514004,0.8956765619454097,101,0.0003494476620327,-0.0013843789338361,-0.0018296202937902,0.0095943040518391,0.0064202361523168,-0.0031740678995223,/Users/javierdominguezsegura/Downloads/archive (1)/cleaned_ECTs_dataset/Microsoft/2021_Q2_msft_processed.txt,2021,Q2
1047,MSFT,2021_Q3_msft_processed.txt,2021-11-01,0.000813588979198,1.021080530191648,101,-0.0069363153443895,-0.0175284307523002,-0.0140240964590757,0.0142964089688106,0.008142225366915,-0.0061541836018956,/Users/javierdominguezsegura/Downloads/archive (1)/cleaned_ECTs_dataset/Microsoft/2021_Q3_msft_processed.txt,2021,Q3
1048,MSFT,2021_Q4_msft_processed.txt,2022-01-31,0.0010987964374358,0.9770733240717244,101,-0.0410933991002054,-0.0353846922272028,-0.0255742660105925,0.0202419892690404,0.0212593754204765,0.0010173861514361,/Users/javierdominguezsegura/Downloads/archive (1)/cleaned_ECTs_dataset/Microsoft/2021_Q4_msft_processed.txt,2021,Q4
1049,MSFT,2022_Q1_msft_processed.txt,2022-05-02,0.0003143416789286,0.9504350244355334,101,-0.0026617731622389,-0.0006441743339547,0.0092119995320114,0.0295087872289014,0.0258068809735191,-0.0037019062553823,/Users/javierdominguezsegura/Downloads/archive (1)/cleaned_ECTs_dataset/Microsoft/2022_Q1_msft_processed.txt,2022,Q1
1050,MSFT,2022_Q2_msft_processed.txt,2022-08-01,0.0006341586589972,0.9360796876844518,101,-0.0192968384405736,-0.0166363925555076,-0.0087184777170819,0.0267358052700534,0.0138434748834671,-0.0128923303865862,/Users/javierdominguezsegura/Downloads/archive (1)/cleaned_ECTs_dataset/Microsoft/2022_Q2_msft_processed.txt,2022,Q2
1051,MSFT,2022_Q3_msft_processed.txt,2022-10-31,-0.000219870343755,0.90878833594021,101,-0.0150725224196613,-0.0303316124693862,-0.0062802093064485,0.0345330617081958,0.0364421216983797,0.0019090599901839,/Users/javierdominguezsegura/Downloads/archive (1)/cleaned_ECTs_dataset/Microsoft/2022_Q3_msft_processed.txt,2022,Q3
1052,MSFT,2022_Q4_msft_processed.txt,2023-01-31,0.0006011600675293,1.0877962382060882,101,-0.0002289257771736,0.0037208903370459,0.0022010022830705,0.0196167181799431,0.023935405527366,0.0043186873474228,/Users/javierdominguezsegura/Downloads/archive (1)/cleaned_ECTs_dataset/Microsoft/2022_Q4_msft_processed.txt,2022,Q4
1053,MSFT,2023_Q1_msft_processed.txt,2023-05-01,0.0012643136124633,1.087413142394002,101,0.0044522511591007,0.0122303606049446,-0.0055538985538609,0.0271562177849986,0.0090329875384739,-0.0181232302465247,/Users/javierdominguezsegura/Downloads/archive (1)/cleaned_ECTs_dataset/Microsoft/2023_Q1_msft_processed.txt,2023,Q1
1054,MSFT,2023_Q2_msft_processed.txt,2023-07-31,0.0012970311388492,1.136867555233371,101,-0.0059938890059823,-0.011608953379241,-0.0108689422186069,0.0235983220281597,0.0108194171288238,-0.0127789048993359,/Users/javierdominguezsegura/Downloads/archive (1)/cleaned_ECTs_dataset/Microsoft/2023_Q2_msft_processed.txt,2023,Q2
1055,MSFT,2023_Q3_msft_processed.txt,2023-10-31,-0.0005053422743227,1.1551898096128643,101,0.0024494565247198,-0.0137553240135876,-0.0027013310233624,0.0188646918274975,0.0107536388821417,-0.0081110529453557,/Users/javierdominguezsegura/Downloads/archive (1)/cleaned_ECTs_dataset/Microsoft/2023_Q3_msft_processed.txt,2023,Q3
1056,MSFT,2023_Q4_msft_processed.txt,2024-01-31,0.0008523398792516,0.8189480838754489,101,-0.0054662022292743,-0.0149021264870763,-0.0095351490995985,0.0072116057160413,0.0151426654744963,0.0079310597584549,/Users/javierdominguezsegura/Downloads/archive (1)/cleaned_ECTs_dataset/Microsoft/2023_Q4_msft_processed.txt,2023,Q4
1057,MSFT,2024_Q1_msft_processed.txt,2024-04-30,0.0001172590308664,0.9254021529473372,101,0.0039810758394401,0.0008719187441943,-0.0134045160560582,0.0142040226328665,0.0093806204573316,-0.0048234021755349,/Users/javierdominguezsegura/Downloads/archive (1)/cleaned_ECTs_dataset/Microsoft/2024_Q1_msft_processed.txt,2024,Q1
1058,MSFT,2024_Q2_msft_processed.txt,2024-07-31,-0.0001553807445134,1.0177620659912432,101,-0.0168504817948425,-0.0101717086476363,-0.037477205968202,0.0162292404458369,0.015581209702955,-0.0006480307428818,/Users/javierdominguezsegura/Downloads/archive (1)/cleaned_ECTs_dataset/Microsoft/2024_Q2_msft_processed.txt,2024,Q2
1059,MSFT,2024_Q3_msft_processed.txt,2024-10-31,-0.0005364031204611,0.7557597148383536,101,-0.0347817549722068,-0.0393098434284917,-0.0391645792218692,0.0080455459136855,0.0098738600314082,0.0018283141177227,/Users/javierdominguezsegura/Downloads/archive (1)/cleaned_ECTs_dataset/Microsoft/2024_Q3_msft_processed.txt,2024,Q3
1060,MSFT,2024_Q4_msft_processed.txt,2025-01-31,-0.0008356913673143,0.8330238062549328,101,0.0041584577404432,-0.0012914708729889,0.0033030632246378,0.0280059550386749,0.0071190776786959,-0.020886877359979,/Users/javierdominguezsegura/Downloads/archive (1)/cleaned_ECTs_dataset/Microsoft/2024_Q4_msft_processed.txt,2024,Q4
1061,MU,2016-Mar-30-MU.txt,2016-03-31,-0.003760218349891,1.4583369802936912,101,0.0465019283986829,0.0171518213745647,0.0026384358076579,0.0284776975523196,0.0384404437624523,0.0099627462101326,/Users/javierdominguezsegura/Academics/College/Courses/NLP/NASDAQ-NLP/dataset/Transcripts/MU/2016-Mar-30-MU.txt,2016,Q1
1062,MU,2016-Jun-30-MU.txt,2016-07-01,-0.000980900194623,1.9084766527996515,101,-0.1290806607076434,-0.1234447734166013,-0.0984313366133711,0.0530655800184311,0.0286245569113168,-0.0244410231071143,/Users/javierdominguezsegura/Academics/College/Courses/NLP/NASDAQ-NLP/dataset/Transcripts/MU/2016-Jun-30-MU.txt,2016,Q2
1063,MU,2016-Oct-04-MU.txt,2016-10-05,0.0040867782809204,1.9982242377436563,101,-0.0186074544025295,-0.0480489937068705,-0.0196623441271715,0.0218704835762379,0.0165646851223076,-0.0053057984539302,/Users/javierdominguezsegura/Academics/College/Courses/NLP/NASDAQ-NLP/dataset/Transcripts/MU/2016-Oct-04-MU.txt,2016,Q4
1064,MU,2016-Dec-21-MU.txt,2016-12-22,0.0031380089516214,1.6797484397445746,101,0.1262272610735988,0.1067054427786942,0.1310551033005152,0.0115751160738776,0.0161430232023213,0.0045679071284436,/Users/javierdominguezsegura/Academics/College/Courses/NLP/NASDAQ-NLP/dataset/Transcripts/MU/2016-Dec-21-MU.txt,2016,Q4
1065,MU,2017-Mar-23-MU.txt,2017-03-24,0.0014475899314905,1.514676215776519,101,0.0768592390939988,0.050112489697381,0.0697214396873815,0.0161770240366658,0.009733876913203,-0.0064431471234628,/Users/javierdominguezsegura/Academics/College/Courses/NLP/NASDAQ-NLP/dataset/Transcripts/MU/2017-Mar-23-MU.txt,2017,Q1
1066,MU,2017-Jun-29-MU.txt,2017-06-30,0.0010433821542445,1.945065492538992,101,-0.0664981252489087,-0.0285804762817942,-0.0509589811688816,0.026332869048287,0.0212604118019575,-0.0050724572463294,/Users/javierdominguezsegura/Academics/College/Courses/NLP/NASDAQ-NLP/dataset/Transcripts/MU/2017-Jun-29-MU.txt,2017,Q2
1067,MU,2017-Sep-26-MU.txt,2017-09-27,-0.0001770672814547,2.03564044263804,101,0.0855649920443037,0.1193847918941126,0.0619915521073866,0.0160684799336072,0.0185535966051688,0.0024851166715615,/Users/javierdominguezsegura/Academics/College/Courses/NLP/NASDAQ-NLP/dataset/Transcripts/MU/2017-Sep-26-MU.txt,2017,Q3
1068,MU,2017-Dec-19-MU.txt,2017-12-20,0.0026184577724848,1.89539470242873,101,0.0055262930821584,-0.0409224798385599,0.0384138071391503,0.0180674364840715,0.0338209404407106,0.0157535039566391,/Users/javierdominguezsegura/Academics/College/Courses/NLP/NASDAQ-NLP/dataset/Transcripts/MU/2017-Dec-19-MU.txt,2017,Q4
1069,MU,2018-Mar-22-MU.txt,2018-03-23,0.0001046504952117,1.7634246614634894,101,-0.069893026440399,-0.0776444852449891,-0.0372268402049584,0.0334028402353857,0.0365515586619131,0.0031487184265273,/Users/javierdominguezsegura/Academics/College/Courses/NLP/NASDAQ-NLP/dataset/Transcripts/MU/2018-Mar-22-MU.txt,2018,Q1
1070,MU,2018-Sep-20-MU.txt,2018-09-21,-0.0023607134165987,1.9268083779670409,101,-0.0061615642416689,-0.0187643511624215,-0.0163922745450348,0.0283562208004573,0.0126982331443189,-0.0156579876561384,/Users/javierdominguezsegura/Academics/College/Courses/NLP/NASDAQ-NLP/dataset/Transcripts/MU/2018-Sep-20-MU.txt,2018,Q3
1071,MU,2018-Dec-18-MU.txt,2018-12-19,-0.0023368491225681,1.5181176592285033,101,-0.0209070447323405,-0.0107797702422319,-0.0439052736995974,0.034291642897897,0.0406939308765959,0.0064022879786989,/Users/javierdominguezsegura/Academics/College/Courses/NLP/NASDAQ-NLP/dataset/Transcripts/MU/2018-Dec-18-MU.txt,2018,Q4
1072,MU,2019-Mar-20-MU.txt,2019-03-21,0.0006435712107706,1.4779953431987607,101,0.0570005617417908,0.0148787415692553,0.0745107469289859,0.0140597878151704,0.0317607334648065,0.017700945649636,/Users/javierdominguezsegura/Academics/College/Courses/NLP/NASDAQ-NLP/dataset/Transcripts/MU/2019-Mar-20-MU.txt,2019,Q1
1073,MU,2019-Jun-25-MU.txt,2019-06-26,-0.0016730447529929,1.738206264283941,101,0.14630333813165,0.1758656558968357,0.1295217702934036,0.0290491392585803,0.017623071543413,-0.0114260677151672,/Users/javierdominguezsegura/Academics/College/Courses/NLP/NASDAQ-NLP/dataset/Transcripts/MU/2019-Jun-25-MU.txt,2019,Q2
1074,MU,2019-Sep-26-MU.txt,2019-09-27,0.000519421942527,1.4984315479701849,101,-0.1145592563747904,-0.0956304423075367,-0.0944396273929072,0.0140166975103131,0.0238171181552258,0.0098004206449126,/Users/javierdominguezsegura/Academics/College/Courses/NLP/NASDAQ-NLP/dataset/Transcripts/MU/2019-Sep-26-MU.txt,2019,Q3
1075,MU,2019-Dec-18-MU.txt,2019-12-19,0.0007742766414719,1.7952219581043465,101,0.0165432205540457,0.0159181628633471,0.0152216045445698,0.0214862356920064,0.0160306885019265,-0.0054555471900798,/Users/javierdominguezsegura/Academics/College/Courses/NLP/NASDAQ-NLP/dataset/Transcripts/MU/2019-Dec-18-MU.txt,2019,Q4
1076,MU,2020-Mar-25-MU.txt,2020-03-26,0.0004386553860757,1.7127894547806282,101,-0.0072598164375719,-0.0852042571874823,-0.0424076666840025,0.1048521048278242,0.0546854965886689,-0.0501666082391553,/Users/javierdominguezsegura/Academics/College/Courses/NLP/NASDAQ-NLP/dataset/Transcripts/MU/2020-Mar-25-MU.txt,2020,Q1
1077,MU,2020-Jun-29-MU.txt,2020-06-30,-0.0024309316662497,1.3842871944912376,101,-0.0213189704471049,-0.0298436822191186,0.0247682164010644,0.0206634880794144,0.0217894631123127,0.0011259750328983,/Users/javierdominguezsegura/Academics/College/Courses/NLP/NASDAQ-NLP/dataset/Transcripts/MU/2020-Jun-29-MU.txt,2020,Q2
1106,NVDA,2007_Q1_nvda_processed.txt,2007-04-30,-0.0015473317886085,1.8588063601730511,101,0.0268999983384465,0.012278986135224,0.0194522847400483,0.0159006910585993,0.0262865818152442,0.0103858907566449,/Users/javierdominguezsegura/Downloads/archive (1)/cleaned_ECTs_dataset/Nvidia/2007_Q1_nvda_processed.txt,2007,Q1
1107,NVDA,2016-Feb-17-NVDA.txt,2016-02-18,0.0033243614356269,1.1997456636620345,101,0.1005052566037433,0.1318424527236461,0.0950300319142025,0.0325622874934211,0.0178567428794989,-0.0147055446139221,/Users/javierdominguezsegura/Academics/College/Courses/NLP/NASDAQ-NLP/dataset/Transcripts/NVDA/2016-Feb-17-NVDA.txt,2016,Q1
1108,NVDA,2016-May-12-NVDA.txt,2016-05-13,0.0022570281566743,1.1510113077415385,101,0.1677841745413901,0.1996350683746237,0.154611431724734,0.0143741519662956,0.0117662578886282,-0.0026078940776674,/Users/javierdominguezsegura/Academics/College/Courses/NLP/NASDAQ-NLP/dataset/Transcripts/NVDA/2016-May-12-NVDA.txt,2016,Q2
1109,NVDA,2016-Aug-11-NVDA.txt,2016-08-12,0.0044015159944359,0.9761822128768944,101,0.0399192169812828,0.0081064082671833,0.0507064415208858,0.0118496165890621,0.0117077346348835,-0.0001418819541786,/Users/javierdominguezsegura/Academics/College/Courses/NLP/NASDAQ-NLP/dataset/Transcripts/NVDA/2016-Aug-11-NVDA.txt,2016,Q3
1110,NVDA,2016-Nov-10-NVDA.txt,2016-11-11,0.002953163877682,1.2467651233029604,101,0.2406170164185273,0.3101632618919492,0.2883369635919601,0.0241533022545113,0.0280537651292254,0.003900462874714,/Users/javierdominguezsegura/Academics/College/Courses/NLP/NASDAQ-NLP/dataset/Transcripts/NVDA/2016-Nov-10-NVDA.txt,2016,Q4
1111,NVDA,2017-Feb-09-NVDA.txt,2017-02-10,0.0045118149401402,2.0643160205967863,101,-0.0964413226806395,-0.1195786114501656,-0.0350718117988043,0.0203102510174633,0.0374763067173549,0.0171660556998915,/Users/javierdominguezsegura/Academics/College/Courses/NLP/NASDAQ-NLP/dataset/Transcripts/NVDA/2017-Feb-09-NVDA.txt,2017,Q1
1112,NVDA,2017-May-09-NVDA.txt,2017-05-10,-0.0003094260467688,1.9215043761420891,101,0.223280599815766,0.2745038125138587,0.1758843797931511,0.0148639117277299,0.0338723853414564,0.0190084736137264,/Users/javierdominguezsegura/Academics/College/Courses/NLP/NASDAQ-NLP/dataset/Transcripts/NVDA/2017-May-09-NVDA.txt,2017,Q2
1113,NVDA,2017-Aug-10-NVDA.txt,2017-08-11,0.002850026498402,2.403469234984688,101,-0.0267189389727984,-0.0536655132956181,-0.0714904921894334,0.0203328425282636,0.029719797358876,0.0093869548306124,/Users/javierdominguezsegura/Academics/College/Courses/NLP/NASDAQ-NLP/dataset/Transcripts/NVDA/2017-Aug-10-NVDA.txt,2017,Q3
1114,NVDA,2017-Nov-09-NVDA.txt,2017-11-10,0.0019904881100954,2.158849856249194,101,0.0300633199432915,0.0302095593537954,0.0504233638934828,0.0147262957622075,0.0119506580307317,-0.0027756377314757,/Users/javierdominguezsegura/Academics/College/Courses/NLP/NASDAQ-NLP/dataset/Transcripts/NVDA/2017-Nov-09-NVDA.txt,2017,Q4
1115,NVDA,2018-Feb-08-NVDA.txt,2018-02-09,0.0001259177251705,2.258006357391135,101,-0.0184945484423279,-0.0128808240659217,0.0343818750869945,0.0410915535874358,0.0209324603146817,-0.020159093272754,/Users/javierdominguezsegura/Academics/College/Courses/NLP/NASDAQ-NLP/dataset/Transcripts/NVDA/2018-Feb-08-NVDA.txt,2018,Q1
1116,NVDA,2018-May-10-NVDA.txt,2018-05-11,0.0001789791654474,1.8129920200448089,101,-0.0201800876062819,-0.053990450475676,-0.0211949586227841,0.0149414556451412,0.0152801600897235,0.0003387044445823,/Users/javierdominguezsegura/Academics/College/Courses/NLP/NASDAQ-NLP/dataset/Transcripts/NVDA/2018-May-10-NVDA.txt,2018,Q2
1117,NVDA,2018-Aug-16-NVDA.txt,2018-08-17,-0.0005800485684034,1.753587216401672,101,-0.0387788413264048,0.0067597404191824,-0.0506449606205693,0.0097843766929577,0.0121444690535393,0.0023600923605816,/Users/javierdominguezsegura/Academics/College/Courses/NLP/NASDAQ-NLP/dataset/Transcripts/NVDA/2018-Aug-16-NVDA.txt,2018,Q3
1118,NVDA,2018_Q3_nvda_processed.txt,2018-10-31,-0.0001035028930123,1.4867869089243364,101,0.017280591286364,0.0093058122457795,0.0087282459542422,0.0552416743620127,0.0360327938102761,-0.0192088805517365,/Users/javierdominguezsegura/Downloads/archive (1)/cleaned_ECTs_dataset/Nvidia/2018_Q3_nvda_processed.txt,2018,Q3
1119,NVDA,2018-Nov-15-NVDA.txt,2018-11-16,-0.0007692997800872,1.6520254254225817,101,-0.2534644673599388,-0.2380108993991584,-0.1842492336572608,0.035091263205602,0.0517846879806389,0.0166934247750369,/Users/javierdominguezsegura/Academics/College/Courses/NLP/NASDAQ-NLP/dataset/Transcripts/NVDA/2018-Nov-15-NVDA.txt,2018,Q4
1120,NVDA,2018_Q4_nvda_processed.txt,2019-01-31,-0.0028548334043889,1.693431374172726,101,0.0397150169799084,0.0492571872089512,0.0258870745219129,0.0582322465373393,0.0201452443516732,-0.038087002185666,/Users/javierdominguezsegura/Downloads/archive (1)/cleaned_ECTs_dataset/Nvidia/2018_Q4_nvda_processed.txt,2018,Q4
1121,NVDA,2019-Feb-14-NVDA.txt,2019-02-15,-0.0030311071973035,1.6699304274616216,101,0.0063668008543563,0.0131223254400343,0.0109936289001123,0.0201452443516732,0.0126062642252401,-0.007538980126433,/Users/javierdominguezsegura/Academics/College/Courses/NLP/NASDAQ-NLP/dataset/Transcripts/NVDA/2019-Feb-14-NVDA.txt,2019,Q1
1122,NVDA,2019_Q1_nvda_processed.txt,2019-04-30,-0.0020115814524137,1.7554857686826506,101,0.0346227654218311,0.0277510780634797,0.0256185788413019,0.0209085688531803,0.0249976831875665,0.0040891143343861,/Users/javierdominguezsegura/Downloads/archive (1)/cleaned_ECTs_dataset/Nvidia/2019_Q1_nvda_processed.txt,2019,Q1
1123,NVDA,2019-May-16-NVDA.txt,2019-05-17,8.438640194332391e-05,1.7201144083900932,101,-0.0106792658665675,-0.0183859119167778,-0.0051234998677322,0.0237447990180195,0.0153695613725935,-0.0083752376454259,/Users/javierdominguezsegura/Academics/College/Courses/NLP/NASDAQ-NLP/dataset/Transcripts/NVDA/2019-May-16-NVDA.txt,2019,Q2
1124,NVDA,2019_Q2_nvda_processed.txt,2019-07-31,-0.0009634152111538,1.8611935445718657,101,-0.022227292646812,-0.0182230748269984,-0.0153066690353209,0.0160469509479205,0.0303799561402492,0.0143330051923286,/Users/javierdominguezsegura/Downloads/archive (1)/cleaned_ECTs_dataset/Nvidia/2019_Q2_nvda_processed.txt,2019,Q2
1125,NVDA,2019-Aug-15-NVDA.txt,2019-08-16,-0.0005371228724814,1.781200021962163,101,0.0901538276002456,0.0902223756934128,0.0433954122473167,0.0301223150876194,0.0337438648771388,0.0036215497895194,/Users/javierdominguezsegura/Academics/College/Courses/NLP/NASDAQ-NLP/dataset/Transcripts/NVDA/2019-Aug-15-NVDA.txt,2019,Q3
1126,NVDA,2019-Nov-14-NVDA.txt,2019-11-15,0.0019032397762908,1.8819621418319832,101,-0.0066066252259691,-0.0101993721482013,-0.0423157467289716,0.0134625358957375,0.0262614364667587,0.0127989005710211,/Users/javierdominguezsegura/Academics/College/Courses/NLP/NASDAQ-NLP/dataset/Transcripts/NVDA/2019-Nov-14-NVDA.txt,2019,Q4
1127,NVDA,2019_Q4_nvda_processed.txt,2020-01-31,0.001945108192453,1.943914722145751,101,-0.0206316731638179,-0.0306834221899546,-0.0091681075225618,0.019239619618394,0.0234134550403784,0.0041738354219843,/Users/javierdominguezsegura/Downloads/archive (1)/cleaned_ECTs_dataset/Nvidia/2019_Q4_nvda_processed.txt,2019,Q4
1128,NVDA,2020-Feb-13-NVDA.txt,2020-02-14,0.0009386910009482,1.8611609311050443,101,0.0877438392658047,0.1243382083946382,0.0655846309509449,0.0230806076962721,0.0498322981515463,0.0267516904552742,/Users/javierdominguezsegura/Academics/College/Courses/NLP/NASDAQ-NLP/dataset/Transcripts/NVDA/2020-Feb-13-NVDA.txt,2020,Q1
1129,NVDA,2020_Q1_nvda_processed.txt,2020-04-30,0.0038008175664659,1.4204866508860998,101,-0.0113250190354735,-0.0139283833498971,-0.0204981338187424,0.0365114162652341,0.0249831130054729,-0.0115283032597611,/Users/javierdominguezsegura/Downloads/archive (1)/cleaned_ECTs_dataset/Nvidia/2020_Q1_nvda_processed.txt,2020,Q1
1130,NVDA,2020-May-21-NVDA.txt,2020-05-22,0.0033718091153532,1.4286001393827144,101,-0.0208227775929893,-0.0585861225059325,0.0191213972957486,0.02739002466219,0.0218587810000939,-0.005531243662096,/Users/javierdominguezsegura/Academics/College/Courses/NLP/NASDAQ-NLP/dataset/Transcripts/NVDA/2020-May-21-NVDA.txt,2020,Q2
1131,NVDA,2020_Q2_nvda_processed.txt,2020-07-31,0.0037486876176315,1.3823099360592863,101,-0.010989809108046,-0.0055733557946759,-0.0242355506669965,0.0204085345621582,0.0237161074780522,0.0033075729158939,/Users/javierdominguezsegura/Downloads/archive (1)/cleaned_ECTs_dataset/Nvidia/2020_Q2_nvda_processed.txt,2020,Q2
1132,NVDA,2020-Aug-19-NVDA.txt,2020-08-20,0.0017332460175529,1.3645748516028533,101,0.0212415234584936,0.0044153449213967,-0.0160335576729869,0.0299135276089851,0.0404366754517495,0.0105231478427643,/Users/javierdominguezsegura/Academics/College/Courses/NLP/NASDAQ-NLP/dataset/Transcripts/NVDA/2020-Aug-19-NVDA.txt,2020,Q3
1133,NVDA,2020_Q3_nvda_processed.txt,2020-11-02,0.0024465595537861,1.4602801820506737,101,0.0005045953696148,-0.0124714450056102,-0.0048756594431064,0.0288074530899651,0.0430651179817057,0.0142576648917405,/Users/javierdominguezsegura/Downloads/archive (1)/cleaned_ECTs_dataset/Nvidia/2020_Q3_nvda_processed.txt,2020,Q3
1134,NVDA,2020_Q4_nvda_processed.txt,2021-02-01,-0.000719165871177,1.5878555311874951,101,-0.020594507675691,-0.0304521943387114,-0.0206635661180693,0.0233743027472668,0.0253172695935364,0.0019429668462696,/Users/javierdominguezsegura/Downloads/archive (1)/cleaned_ECTs_dataset/Nvidia/2020_Q4_nvda_processed.txt,2020,Q4
1135,NVDA,2021_Q1_nvda_processed.txt,2021-04-30,-0.0020876107230264,1.571358395377419,101,-0.0069270495693464,0.0074719057323431,-0.005108561327033,0.0200777106944455,0.0260385632521198,0.0059608525576743,/Users/javierdominguezsegura/Downloads/archive (1)/cleaned_ECTs_dataset/Nvidia/2021_Q1_nvda_processed.txt,2021,Q1
1136,NVDA,2021_Q2_nvda_processed.txt,2021-08-02,0.0029202392518676,1.7459318391967449,101,-0.0002152888907596,0.0192015671464715,0.0089539440002998,0.0188959620826169,0.0147009831319731,-0.0041949789506437,/Users/javierdominguezsegura/Downloads/archive (1)/cleaned_ECTs_dataset/Nvidia/2021_Q2_nvda_processed.txt,2021,Q2
1137,NVDA,2021_Q3_nvda_processed.txt,2021-11-01,0.0022965965605316,1.7300705504201197,101,0.010958736321927,0.1022578691515507,-0.0030145489224595,0.0223826476284473,0.0427536451451249,0.0203709975166775,/Users/javierdominguezsegura/Downloads/archive (1)/cleaned_ECTs_dataset/Nvidia/2021_Q3_nvda_processed.txt,2021,Q3
1138,NVDA,2021_Q4_nvda_processed.txt,2022-01-31,0.0029080176785298,2.2149270320792795,101,-0.0195342993971986,0.0196175299230556,-0.0063273814716921,0.0304730659410958,0.0402882876131977,0.0098152216721018,/Users/javierdominguezsegura/Downloads/archive (1)/cleaned_ECTs_dataset/Nvidia/2021_Q4_nvda_processed.txt,2021,Q4
1139,NVDA,2022_Q1_nvda_processed.txt,2022-05-02,0.00165645739974,1.9990483636086835,101,0.0163209536597667,0.0130415573858966,0.0188685191478906,0.0453375752684768,0.0567695950571902,0.0114320197887134,/Users/javierdominguezsegura/Downloads/archive (1)/cleaned_ECTs_dataset/Nvidia/2022_Q1_nvda_processed.txt,2022,Q1
1140,NVDA,2022_Q2_nvda_processed.txt,2022-08-01,-0.0003065695313751,1.8208609073830655,101,0.0266949660565252,0.0095305297420477,0.0188026744151286,0.0373467612300182,0.0364343461828905,-0.0009124150471276,/Users/javierdominguezsegura/Downloads/archive (1)/cleaned_ECTs_dataset/Nvidia/2022_Q2_nvda_processed.txt,2022,Q2
1141,NVDA,2022_Q3_nvda_processed.txt,2022-10-31,-0.0013983280179839,1.695843164423627,101,0.0143201376845499,0.0947752280803103,-0.0055032033721384,0.0262762122244745,0.053076388601384,0.0268001763769095,/Users/javierdominguezsegura/Downloads/archive (1)/cleaned_ECTs_dataset/Nvidia/2022_Q3_nvda_processed.txt,2022,Q3
1142,NVDA,2022_Q4_nvda_processed.txt,2023-01-31,0.0017562602161526,1.761548059404105,101,0.0232909233651835,-0.0010287795371778,-0.0116757841575478,0.0432285469031923,0.0379495452100454,-0.0052790016931469,/Users/javierdominguezsegura/Downloads/archive (1)/cleaned_ECTs_dataset/Nvidia/2022_Q4_nvda_processed.txt,2022,Q4
1143,NVDA,2023_Q1_nvda_processed.txt,2023-05-01,0.0045437100833706,1.8878278682861935,101,0.0311157740220415,0.0168072604073761,0.039454196097474,0.0200239491038845,0.0209514450703474,0.0009274959664628,/Users/javierdominguezsegura/Downloads/archive (1)/cleaned_ECTs_dataset/Nvidia/2023_Q1_nvda_processed.txt,2023,Q1
1144,NVDA,2023_Q2_nvda_processed.txt,2023-07-31,0.0048783257599813,1.8480835092048349,101,-0.0107454614999828,-0.021082951623282,-0.0091173551837649,0.0206668172023541,0.0352067739787943,0.0145399567764401,/Users/javierdominguezsegura/Downloads/archive (1)/cleaned_ECTs_dataset/Nvidia/2023_Q2_nvda_processed.txt,2023,Q2
1145,NVDA,2023_Q3_nvda_processed.txt,2023-10-31,0.0031041878633562,2.1978567311552615,101,-0.0241456499339208,-0.0375907060666832,-0.0229739491135092,0.0297406103452107,0.0121120682502636,-0.017628542094947,/Users/javierdominguezsegura/Downloads/archive (1)/cleaned_ECTs_dataset/Nvidia/2023_Q3_nvda_processed.txt,2023,Q3
1146,NVDA,2023_Q4_nvda_processed.txt,2024-01-31,-6.981352157341719e-05,1.6517674330330434,101,0.0199637715164467,0.0923188503295791,0.0170415999412746,0.0158611475769238,0.02309499153292,0.0072338439559962,/Users/javierdominguezsegura/Downloads/archive (1)/cleaned_ECTs_dataset/Nvidia/2023_Q4_nvda_processed.txt,2023,Q4
1147,NVDA,2024_Q1_nvda_processed.txt,2024-04-30,0.0033763461527692,2.0135528566114087,101,-0.0133858091399837,-0.0225477370251307,0.0221596408257242,0.0486080882438794,0.0255044958188863,-0.023103592424993,/Users/javierdominguezsegura/Downloads/archive (1)/cleaned_ECTs_dataset/Nvidia/2024_Q1_nvda_processed.txt,2024,Q1
1148,NVDA,2024_Q2_nvda_processed.txt,2024-07-31,0.0027860430905783,2.460448266517754,101,0.0476097172666781,0.1049991634056592,0.0604813426580881,0.0403496373836335,0.0503202208240187,0.0099705834403852,/Users/javierdominguezsegura/Downloads/archive (1)/cleaned_ECTs_dataset/Nvidia/2024_Q2_nvda_processed.txt,2024,Q2
1149,NVDA,2024_Q3_nvda_processed.txt,2024-10-31,0.0015433559687396,2.4278183184203463,101,0.0170560308072589,0.0205069630750602,0.0181374795202152,0.0180347694533453,0.0191462730192892,0.0011115035659438,/Users/javierdominguezsegura/Downloads/archive (1)/cleaned_ECTs_dataset/Nvidia/2024_Q3_nvda_processed.txt,2024,Q3
1150,NVDA,2024_Q4_nvda_processed.txt,2025-01-31,0.0001208499146206,1.8321436143833592,101,-0.0383481130829354,0.0022237010119559,-0.0318081559541318,0.0690152883622633,0.0243375157271827,-0.0446777726350806,/Users/javierdominguezsegura/Downloads/archive (1)/cleaned_ECTs_dataset/Nvidia/2024_Q4_nvda_processed.txt,2024,Q4
1151,NVDA,2025_Q1_nvda_processed.txt,2025-04-30,-0.0007195368083305,1.9712252823043095,101,-0.0029640826324731,0.0033505886480229,0.0014933713266867,0.0383820053850582,0.0241868343200392,-0.014195171065019,/Users/javierdominguezsegura/Downloads/archive (1)/cleaned_ECTs_dataset/Nvidia/2025_Q1_nvda_processed.txt,2025,Q1
1152,NVDA,2025_Q2_nvda_processed.txt,2025-07-31,0.0020673474107927,1.5571379488934858,101,7.538773912094815e-05,0.0021365618018532,-0.0093447432640615,0.0157523548595436,0.0157300510852872,-2.2303774256365178e-05,/Users/javierdominguezsegura/Downloads/archive (1)/cleaned_ECTs_dataset/Nvidia/2025_Q2_nvda_processed.txt,2025,Q2
1161,ORCL,2018_Q3_orcl_processed.txt,2018-10-31,2.5031333780246563e-05,0.9393393646307144,101,-0.0197201587709541,-0.0102670680589142,-0.004658762942486,0.0177876784802589,0.0129296538520644,-0.0048580246281944,/Users/javierdominguezsegura/Downloads/archive (1)/cleaned_ECTs_dataset/Oracle/2018_Q3_orcl_processed.txt,2018,Q3
1162,ORCL,2018_Q4_orcl_processed.txt,2019-01-31,0.0005888428710872,0.9248815184878766,101,-0.0009950459987507,-0.0043495037162797,-0.0111218532965349,0.008778362717755,0.0094889142739616,0.0007105515562066,/Users/javierdominguezsegura/Downloads/archive (1)/cleaned_ECTs_dataset/Oracle/2018_Q4_orcl_processed.txt,2018,Q4
1163,ORCL,2019_Q1_orcl_processed.txt,2019-04-30,0.0008223655528259,0.925165547870991,101,0.0008216216259901,-0.0093971109760667,0.0028362743546711,0.0041372376837297,0.0107885376333391,0.0066512999496093,/Users/javierdominguezsegura/Downloads/archive (1)/cleaned_ECTs_dataset/Oracle/2019_Q1_orcl_processed.txt,2019,Q1
1164,ORCL,2019_Q2_orcl_processed.txt,2019-07-31,0.0004101841359566,1.179158918292197,101,-0.0055331168214475,-0.0006181104015793,-0.0082739385658062,0.0074213720085458,0.0186582900274271,0.0112369180188813,/Users/javierdominguezsegura/Downloads/archive (1)/cleaned_ECTs_dataset/Oracle/2019_Q2_orcl_processed.txt,2019,Q2
1165,ORCL,2019_Q3_orcl_processed.txt,2019-10-31,-0.0001497152657489,1.1710971929294127,101,-0.0046797646374812,0.0048198576285182,-0.0028732169264345,0.0095265561155521,0.0053012290052563,-0.0042253271102958,/Users/javierdominguezsegura/Downloads/archive (1)/cleaned_ECTs_dataset/Oracle/2019_Q3_orcl_processed.txt,2019,Q3
1166,ORCL,2019_Q4_orcl_processed.txt,2020-01-31,-0.0011235318657923,1.06337441184382,101,0.0094305656028897,0.0146319360396586,0.0038194065832375,0.0124048406617022,0.0076571420967826,-0.0047476985649196,/Users/javierdominguezsegura/Downloads/archive (1)/cleaned_ECTs_dataset/Oracle/2019_Q4_orcl_processed.txt,2019,Q4
1167,ORCL,2020_Q1_orcl_processed.txt,2020-04-30,0.0011165499708454,1.0204071248850972,101,-0.0033672053514779,-0.0141368778477655,-0.008605384881745,0.020739025826588,0.0162545510877173,-0.0044844747388707,/Users/javierdominguezsegura/Downloads/archive (1)/cleaned_ECTs_dataset/Oracle/2020_Q1_orcl_processed.txt,2020,Q1
1168,ORCL,2020_Q2_orcl_processed.txt,2020-07-31,0.0010426919110625,0.9639320296634576,101,-0.0032234279819157,-0.0235592871816667,-0.0048166311008132,0.0081154478215024,0.0061017011021616,-0.0020137467193407,/Users/javierdominguezsegura/Downloads/archive (1)/cleaned_ECTs_dataset/Oracle/2020_Q2_orcl_processed.txt,2020,Q2
1169,ORCL,2020_Q3_orcl_processed.txt,2020-11-02,0.0001679134728032,0.7203811777195832,101,-0.0097721974150237,-0.0424575093009583,-0.0029821807485335,0.0151228501606817,0.0068367980923381,-0.0082860520683435,/Users/javierdominguezsegura/Downloads/archive (1)/cleaned_ECTs_dataset/Oracle/2020_Q3_orcl_processed.txt,2020,Q3
1170,ORCL,2020_Q4_orcl_processed.txt,2021-02-01,0.0008382813507361,0.7174578517106657,101,0.0086889431221631,0.0142752986735665,0.0055172249664665,0.0122302554481594,0.0109928325415493,-0.0012374229066101,/Users/javierdominguezsegura/Downloads/archive (1)/cleaned_ECTs_dataset/Oracle/2020_Q4_orcl_processed.txt,2020,Q4
1171,ORCL,2021_Q1_orcl_processed.txt,2021-04-30,0.0018852519244332,0.4132900233682907,101,0.0173319788839605,0.0399535608958984,3.394545540433497e-05,0.0149675395681563,0.0155953943685641,0.0006278548004077,/Users/javierdominguezsegura/Downloads/archive (1)/cleaned_ECTs_dataset/Oracle/2021_Q1_orcl_processed.txt,2021,Q1
1172,ORCL,2021_Q2_orcl_processed.txt,2021-08-02,0.0020446622708055,0.6709805466682991,101,0.021350880032092,0.0129097993625349,0.0044705759008121,0.0144208222079308,0.0082902137037563,-0.0061306085041745,/Users/javierdominguezsegura/Downloads/archive (1)/cleaned_ECTs_dataset/Oracle/2021_Q2_orcl_processed.txt,2021,Q2
1173,ORCL,2021_Q3_orcl_processed.txt,2021-11-01,0.0011611608504393,0.938593573179497,101,-0.0079390744267479,-0.0227387508442776,-0.0191110655275704,0.0096115284322019,0.0074379283785012,-0.0021736000537007,/Users/javierdominguezsegura/Downloads/archive (1)/cleaned_ECTs_dataset/Oracle/2021_Q3_orcl_processed.txt,2021,Q3
1174,ORCL,2021_Q4_orcl_processed.txt,2022-01-31,-0.0008521887845546,1.063177713189927,101,-0.0187005801424879,0.010145984001312,-0.010777605530075,0.0119794177796994,0.0176317160504188,0.0056522982707193,/Users/javierdominguezsegura/Downloads/archive (1)/cleaned_ECTs_dataset/Oracle/2021_Q4_orcl_processed.txt,2021,Q4
1175,ORCL,2022_Q1_orcl_processed.txt,2022-05-02,-0.0008817962421943,1.062938137471655,101,-0.0108307465411885,-0.0087614495728082,0.0030237350145304,0.0226182267889034,0.0174907412056213,-0.005127485583282,/Users/javierdominguezsegura/Downloads/archive (1)/cleaned_ECTs_dataset/Oracle/2022_Q1_orcl_processed.txt,2022,Q1
1176,ORCL,2022_Q2_orcl_processed.txt,2022-08-01,0.0002950579647866,0.9923118493707004,101,-0.0103916059923503,-0.0119814735187821,-0.002632576738234,0.0141668014797866,0.0118493080119114,-0.0023174934678752,/Users/javierdominguezsegura/Downloads/archive (1)/cleaned_ECTs_dataset/Oracle/2022_Q2_orcl_processed.txt,2022,Q2
1177,ORCL,2022_Q3_orcl_processed.txt,2022-10-31,-0.0003686807597223,0.9001428999902215,101,0.0080202749084497,0.0137862553130732,0.0162564228420402,0.0216831400569352,0.0142893014817753,-0.0073938385751599,/Users/javierdominguezsegura/Downloads/archive (1)/cleaned_ECTs_dataset/Oracle/2022_Q3_orcl_processed.txt,2022,Q3
1178,ORCL,2022_Q4_orcl_processed.txt,2023-01-31,0.0013731935435045,0.7978080432683762,101,0.0079148325868745,-0.0030532176298542,-0.0003474155872079,0.0135770340047929,0.0128265624248732,-0.0007504715799197,/Users/javierdominguezsegura/Downloads/archive (1)/cleaned_ECTs_dataset/Oracle/2022_Q4_orcl_processed.txt,2022,Q4
1179,ORCL,2023_Q1_orcl_processed.txt,2023-05-01,0.0015059536098274,0.701336899266997,101,0.0062307097638534,0.0149831855402618,0.0003483492999212,0.0087179211592471,0.0087789797403169,6.105858106983386e-05,/Users/javierdominguezsegura/Downloads/archive (1)/cleaned_ECTs_dataset/Oracle/2023_Q1_orcl_processed.txt,2023,Q1
1180,ORCL,2023_Q2_orcl_processed.txt,2023-07-31,0.0022211845799321,1.0017015975803345,101,0.0132472594297267,-0.0034630541997298,0.0069982296807225,0.0141279831060975,0.0131972619109835,-0.000930721195114,/Users/javierdominguezsegura/Downloads/archive (1)/cleaned_ECTs_dataset/Oracle/2023_Q2_orcl_processed.txt,2023,Q2
1181,ORCL,2023_Q3_orcl_processed.txt,2023-10-31,0.0006674389231455,1.5428940835811848,101,0.0124083850207166,-0.0108841904261785,0.0065582629357772,0.0211882211794151,0.0098165253201612,-0.0113716958592538,/Users/javierdominguezsegura/Downloads/archive (1)/cleaned_ECTs_dataset/Oracle/2023_Q3_orcl_processed.txt,2023,Q3
1182,ORCL,2023_Q4_orcl_processed.txt,2024-01-31,-0.0013751047754703,1.268672399241907,101,0.0200721768045183,0.0207421311705056,0.000259170555046,0.0101481852785773,0.0148227262296497,0.0046745409510724,/Users/javierdominguezsegura/Downloads/archive (1)/cleaned_ECTs_dataset/Oracle/2023_Q4_orcl_processed.txt,2023,Q4
1183,ORCL,2024_Q1_orcl_processed.txt,2024-04-30,-0.0008431487572287,1.403744309317902,101,0.0128052820270075,-0.0057630108831074,-0.0005965850289762,0.0121070462080222,0.014129554833633,0.0020225086256107,/Users/javierdominguezsegura/Downloads/archive (1)/cleaned_ECTs_dataset/Oracle/2024_Q1_orcl_processed.txt,2024,Q1
1184,ORCL,2024_Q2_orcl_processed.txt,2024-07-31,0.0005986996232609,1.6953966440929855,101,0.0091922294318755,0.0185407833598074,0.0004866834946811,0.0163794938612389,0.0223704851938549,0.005990991332616,/Users/javierdominguezsegura/Downloads/archive (1)/cleaned_ECTs_dataset/Oracle/2024_Q2_orcl_processed.txt,2024,Q2
1185,ORCL,2024_Q3_orcl_processed.txt,2024-10-31,0.002672185610888,1.2674497222457446,101,-0.0124462917235602,-0.0193882726813819,-0.0175756670900024,0.0076125671689731,0.0193863749825547,0.0117738078135816,/Users/javierdominguezsegura/Downloads/archive (1)/cleaned_ECTs_dataset/Oracle/2024_Q3_orcl_processed.txt,2024,Q3
1186,ORCL,2024_Q4_orcl_processed.txt,2025-01-31,0.001397556613895,1.2790649719863847,101,0.0029285383756853,0.0041368678206138,0.0031794964101732,0.0601240632866958,0.0160781676279946,-0.0440458956587012,/Users/javierdominguezsegura/Downloads/archive (1)/cleaned_ECTs_dataset/Oracle/2024_Q4_orcl_processed.txt,2024,Q4
1187,ORCL,2025_Q1_orcl_processed.txt,2025-04-30,-0.0011075150266616,1.995296936734346,101,0.0200933792626996,0.0321203071816122,-0.0023425975084061,0.0290901279050223,0.0203404604401105,-0.0087496674649117,/Users/javierdominguezsegura/Downloads/archive (1)/cleaned_ECTs_dataset/Oracle/2025_Q1_orcl_processed.txt,2025,Q1
1188,PYPL,2017_Q4_pypl_processed.txt,2018-01-31,0.0008654827087097,1.4592412814724682,101,-0.0611857229397509,-0.0268838586824351,0.0157417943661646,0.0111559739990629,0.0350125977395596,0.0238566237404966,/Users/javierdominguezsegura/Downloads/archive (1)/cleaned_ECTs_dataset/PAYPAL/2017_Q4_pypl_processed.txt,2017,Q4
1189,PYPL,2018_Q1_pypl_processed.txt,2018-04-30,0.0002360408767007,1.1274998294390148,101,0.0068802499215235,-0.0040475261461235,0.0147162158198185,0.0212172177438986,0.0194608005256088,-0.0017564172182897,/Users/javierdominguezsegura/Downloads/archive (1)/cleaned_ECTs_dataset/PAYPAL/2018_Q1_pypl_processed.txt,2018,Q1
1190,PYPL,2018_Q2_pypl_processed.txt,2018-07-31,0.0004328892539451,1.0796736808607117,101,0.0012605103915955,0.0065681749403939,-0.0093807098891875,0.0221481226002854,0.008534392800052,-0.0136137298002333,/Users/javierdominguezsegura/Downloads/archive (1)/cleaned_ECTs_dataset/PAYPAL/2018_Q2_pypl_processed.txt,2018,Q2
1191,PYPL,2018_Q3_pypl_processed.txt,2018-10-31,-0.0002006948820253,1.522960225099091,101,-0.0062262000587548,0.0042638421932257,0.0101926491520248,0.0422828030572934,0.0216094646128445,-0.0206733384444489,/Users/javierdominguezsegura/Downloads/archive (1)/cleaned_ECTs_dataset/PAYPAL/2018_Q3_pypl_processed.txt,2018,Q3
1192,PYPL,2018_Q4_pypl_processed.txt,2019-01-31,0.002343863055088,1.353699789212904,101,-0.045477619923072,-0.0508202984468122,-0.0605389043586423,0.0151436974077256,0.0104928473639029,-0.0046508500438227,/Users/javierdominguezsegura/Downloads/archive (1)/cleaned_ECTs_dataset/PAYPAL/2018_Q4_pypl_processed.txt,2018,Q4
1193,PYPL,2019_Q1_pypl_processed.txt,2019-04-30,0.0015953864669341,1.2355298899781555,101,0.0005594161306662,-0.0107911936693026,0.011400081281758,0.0115644037580356,0.0172527828237771,0.0056883790657414,/Users/javierdominguezsegura/Downloads/archive (1)/cleaned_ECTs_dataset/PAYPAL/2019_Q1_pypl_processed.txt,2019,Q1
1194,PYPL,2019_Q2_pypl_processed.txt,2019-07-31,0.0013406690429856,1.046722514042804,101,0.0069591111073942,-0.0116218659815054,-0.0035558980956919,0.0209195493459223,0.0227981280000939,0.0018785786541716,/Users/javierdominguezsegura/Downloads/archive (1)/cleaned_ECTs_dataset/PAYPAL/2019_Q2_pypl_processed.txt,2019,Q2
1195,PYPL,2019_Q3_pypl_processed.txt,2019-10-31,-0.0007438680332302,1.1293678822326023,101,-0.0238213613357936,-0.0672073551580267,-0.0202110478614334,0.0339263633273016,0.0122747637486183,-0.0216515995786832,/Users/javierdominguezsegura/Downloads/archive (1)/cleaned_ECTs_dataset/PAYPAL/2019_Q3_pypl_processed.txt,2019,Q3
1196,PYPL,2019_Q4_pypl_processed.txt,2020-01-31,-0.0011402424686409,1.309710568806767,101,0.0010232484519023,-0.0021641508806347,-0.0055947084481898,0.0099729252345304,0.0143053941536831,0.0043324689191527,/Users/javierdominguezsegura/Downloads/archive (1)/cleaned_ECTs_dataset/PAYPAL/2019_Q4_pypl_processed.txt,2019,Q4
1197,PYPL,2020_Q1_pypl_processed.txt,2020-04-30,0.0008084332572759,1.2062494068573522,101,0.016281487038605,0.0258129356071598,-0.0020973609240002,0.0381445953878668,0.046429982979852,0.0082853875919852,/Users/javierdominguezsegura/Downloads/archive (1)/cleaned_ECTs_dataset/PAYPAL/2020_Q1_pypl_processed.txt,2020,Q1
1198,PYPL,2020_Q2_pypl_processed.txt,2020-07-31,0.0034443703217839,1.209435064606851,101,-0.0190133028040975,-0.0068878000298012,-0.0029382756299186,0.0261507214706562,0.0183621150004728,-0.0077886064701833,/Users/javierdominguezsegura/Downloads/archive (1)/cleaned_ECTs_dataset/PAYPAL/2020_Q2_pypl_processed.txt,2020,Q2
1199,PYPL,2020_Q3_pypl_processed.txt,2020-11-02,0.001144106915784,1.004192710071149,101,-0.0587074791575335,0.0076798505684531,0.0033779006373316,0.0327748103942689,0.0494269262578601,0.0166521158635912,/Users/javierdominguezsegura/Downloads/archive (1)/cleaned_ECTs_dataset/PAYPAL/2020_Q3_pypl_processed.txt,2020,Q3
1200,PYPL,2020_Q4_pypl_processed.txt,2021-02-01,-5.900435223791529e-05,1.22298198811564,101,0.0120396643108978,0.0821364234102862,0.0011091044089451,0.0261027707040447,0.0254604133163489,-0.0006423573876958,/Users/javierdominguezsegura/Downloads/archive (1)/cleaned_ECTs_dataset/PAYPAL/2020_Q4_pypl_processed.txt,2020,Q4
1201,PYPL,2021_Q1_pypl_processed.txt,2021-04-30,6.845477879825246e-05,1.7342509650117834,101,-0.009941822649226,-0.0164280081241663,-0.0060644431216576,0.0128775911997589,0.0238515729660372,0.0109739817662782,/Users/javierdominguezsegura/Downloads/archive (1)/cleaned_ECTs_dataset/PAYPAL/2021_Q1_pypl_processed.txt,2021,Q1
1202,PYPL,2021_Q2_pypl_processed.txt,2021-08-02,-0.0003065365278851,1.6212419208669318,101,-0.0163877352372191,-0.0043784417423287,-0.0170978469204332,0.0241431079788047,0.0099680624724742,-0.0141750455063304,/Users/javierdominguezsegura/Downloads/archive (1)/cleaned_ECTs_dataset/PAYPAL/2021_Q2_pypl_processed.txt,2021,Q2
1203,PYPL,2021_Q3_pypl_processed.txt,2021-11-01,-0.0005210950891843,1.373897883093363,101,-0.0258338378042351,-0.0555640979966987,-0.0137569366834104,0.0270798791662745,0.0371729934692659,0.0100931143029914,/Users/javierdominguezsegura/Downloads/archive (1)/cleaned_ECTs_dataset/PAYPAL/2021_Q3_pypl_processed.txt,2021,Q3
1204,PYPL,2021_Q4_pypl_processed.txt,2022-01-31,-0.0042409251786508,1.1356686439099564,101,0.035256035468356,-0.2277771009184987,0.0170288441407186,0.0232500183494507,0.0785316337878394,0.0552816154383887,/Users/javierdominguezsegura/Downloads/archive (1)/cleaned_ECTs_dataset/PAYPAL/2021_Q4_pypl_processed.txt,2021,Q4
1205,PYPL,2022_Q1_pypl_processed.txt,2022-05-02,-0.0044853975325888,1.2605090082007964,101,0.017584851051182,-0.0072305494705618,0.0248475334139287,0.057006843597708,0.038272185014372,-0.018734658583336,/Users/javierdominguezsegura/Downloads/archive (1)/cleaned_ECTs_dataset/PAYPAL/2022_Q1_pypl_processed.txt,2022,Q1
1206,PYPL,2022_Q2_pypl_processed.txt,2022-08-01,-0.0019901574936885,1.4021778232362403,101,0.0442721642886133,0.0890748356199503,0.0279647006283083,0.0473081440654889,0.0335381915266453,-0.0137699525388436,/Users/javierdominguezsegura/Downloads/archive (1)/cleaned_ECTs_dataset/PAYPAL/2022_Q2_pypl_processed.txt,2022,Q2
1207,PYPL,2022_Q3_pypl_processed.txt,2022-10-31,0.0021816905853368,1.3965559877527614,101,-0.0141991691051685,-0.0280307670333435,-0.0187606464678746,0.0296948358336255,0.0474998205870849,0.0178049847534594,/Users/javierdominguezsegura/Downloads/archive (1)/cleaned_ECTs_dataset/PAYPAL/2022_Q3_pypl_processed.txt,2022,Q3
1208,PYPL,2022_Q4_pypl_processed.txt,2023-01-31,-0.0007080457040729,1.1139989675755555,101,0.0011344247066241,0.0162913944882477,0.0052885002093432,0.0204028933961038,0.0302557455440582,0.0098528521479544,/Users/javierdominguezsegura/Downloads/archive (1)/cleaned_ECTs_dataset/PAYPAL/2022_Q4_pypl_processed.txt,2022,Q4
1209,PYPL,2023_Q1_pypl_processed.txt,2023-05-01,-0.0015980796977922,1.0136498954463466,101,-0.0340699984818513,-0.0277162739575145,-0.0089534186021212,0.0202611516937867,0.0470470577549915,0.0267859060612048,/Users/javierdominguezsegura/Downloads/archive (1)/cleaned_ECTs_dataset/PAYPAL/2023_Q1_pypl_processed.txt,2023,Q1
1210,PYPL,2023_Q2_pypl_processed.txt,2023-07-31,-0.0036043337537831,0.9943620648516892,101,0.0305213090429953,-0.0937532933295706,0.0264367775159044,0.0150442105455576,0.042810136952714,0.0277659264071564,/Users/javierdominguezsegura/Downloads/archive (1)/cleaned_ECTs_dataset/PAYPAL/2023_Q2_pypl_processed.txt,2023,Q2
1211,PYPL,2023_Q3_pypl_processed.txt,2023-10-31,-0.0018584427772817,0.9970104089893356,101,-0.0054185985690944,0.0514316012904349,0.0117353754042455,0.0212939814516232,0.0272737613632461,0.0059797799116229,/Users/javierdominguezsegura/Downloads/archive (1)/cleaned_ECTs_dataset/PAYPAL/2023_Q3_pypl_processed.txt,2023,Q3
1212,PYPL,2023_Q4_pypl_processed.txt,2024-01-31,-0.0008583307654945,1.1940490880232235,101,-0.0128845471860565,-0.0372051955421177,-0.0091020257692538,0.0323651729201648,0.0448312096934234,0.0124660367732586,/Users/javierdominguezsegura/Downloads/archive (1)/cleaned_ECTs_dataset/PAYPAL/2023_Q4_pypl_processed.txt,2023,Q4
1213,PYPL,2024_Q1_pypl_processed.txt,2024-04-30,-0.0002348239279698,1.0247774344124667,101,0.0124250151007232,-0.0293804080693287,0.0349718934585356,0.0145344526094915,0.0183812255133634,0.0038467729038719,/Users/javierdominguezsegura/Downloads/archive (1)/cleaned_ECTs_dataset/PAYPAL/2024_Q1_pypl_processed.txt,2024,Q1
1214,PYPL,2024_Q2_pypl_processed.txt,2024-07-31,-0.0011363162473168,0.3968414142531393,101,0.0216176796232758,-0.0283468191144503,0.0184885556704861,0.0336115858787394,0.0271493068170692,-0.0064622790616701,/Users/javierdominguezsegura/Downloads/archive (1)/cleaned_ECTs_dataset/PAYPAL/2024_Q2_pypl_processed.txt,2024,Q2
